USE master_chef;

INSERT INTO theme (theme, descr, image, caption) VALUES
('Eastern Food', 'Delicious dishes from the Eastern regions.', 'https://tinyurl.com/yyc2hh3w', 'Experience the East'),
('Village', 'Traditional village-style cooking.', 'https://tinyurl.com/yyc2hh3w', 'Rustic and Authentic'),
('Modern Cuisine', 'Contemporary recipes for the modern palate.', 'https://tinyurl.com/yyc2hh3w', 'Modern Delights'),
('Street Food', 'Popular street food recipes from around the world.', 'https://tinyurl.com/yyc2hh3w', 'Street Delicacies'),
('Healthy Eating', 'Nutritious and healthy meal options.', 'https://tinyurl.com/yyc2hh3w', 'Eat Healthy'),
('Comfort Food', 'Comforting and hearty meals.', 'https://tinyurl.com/yyc2hh3w', 'Feel at Home'),
('Gourmet', 'Exquisite and high-end gourmet recipes.', 'https://tinyurl.com/yyc2hh3w', 'Gourmet Experiences'),
('Seasonal', 'Recipes based on seasonal ingredients.', 'https://tinyurl.com/yyc2hh3w', 'Seasonal Flavors'),
('Quick and Easy', 'Fast and easy recipes for busy days.', 'https://tinyurl.com/yyc2hh3w', 'Quick Meals'),
('International', 'A variety of international dishes.', 'https://tinyurl.com/yyc2hh3w', 'World Cuisine');


INSERT INTO cuisine (cuisine, image, caption) VALUES
('Italian', 'https://tinyurl.com/yp5vamsw', 'Flag of a national cuisine'),
('Chinese', 'https://tinyurl.com/yp5vamsw', 'Flag of a national cuisine'),
('Indian', 'https://tinyurl.com/yp5vamsw', 'Flag of a national cuisine'),
('Mexican', 'https://tinyurl.com/yp5vamsw', 'Flag of a national cuisine'),
('Japanese', 'https://tinyurl.com/yp5vamsw', 'Flag of a national cuisine'),
('French', 'https://tinyurl.com/yp5vamsw', 'Flag of a national cuisine'),
('Thai', 'https://tinyurl.com/yp5vamsw', 'Flag of a national cuisine'),
('Greek', 'https://tinyurl.com/yp5vamsw', 'Flag of a national cuisine'),
('Spanish', 'https://tinyurl.com/yp5vamsw', 'Flag of a national cuisine'),
('Moroccan', 'https://tinyurl.com/yp5vamsw', 'Flag of a national cuisine'),
('American', 'https://tinyurl.com/yp5vamsw', 'Flag of a national cuisine'),
('Vietnamese', 'https://tinyurl.com/yp5vamsw', 'Flag of a national cuisine'),
('Turkish', 'https://tinyurl.com/yp5vamsw', 'Flag of a national cuisine'),
('Korean', 'https://tinyurl.com/yp5vamsw', 'Flag of a national cuisine'),
('Brazilian', 'https://tinyurl.com/yp5vamsw', 'Flag of a national cuisine'),
('Ethiopian', 'https://tinyurl.com/yp5vamsw', 'Flag of a national cuisine'),
('Lebanese', 'https://tinyurl.com/yp5vamsw', 'Flag of a national cuisine'),
('Russian', 'https://tinyurl.com/yp5vamsw', 'Flag of a national cuisine'),
('German', 'https://tinyurl.com/yp5vamsw', 'Flag of a national cuisine'),
('Caribbean', 'https://tinyurl.com/yp5vamsw', 'Flag of a national cuisine');



INSERT INTO recipe (recipe_name, descr, cuisine_id, theme_id, difficulity, quantity, category, image, caption) VALUES
('Spaghetti Carbonara', 'A classic Italian pasta dish with creamy sauce.', 1, 3, 2, 4, 'Pasta', 'https://tinyurl.com/5d9hthne', 'Italian Classic'),
('General Tso’s Chicken', 'A popular Chinese-American dish with a sweet and spicy sauce.', 2, 4, 4, 4, 'Chicken', 'https://tinyurl.com/5d9hthne', 'Spicy and Sweet'),
('Chicken Tikka Masala', 'Chunks of chicken tikka in a spicy curry sauce.', 3, 1, 2, 4, 'Chicken', 'https://tinyurl.com/5d9hthne', 'Spicy Delight'),
('Tacos al Pastor', 'Mexican tacos made with marinated pork.', 4, 4, 2, 3, 'Pork', 'https://tinyurl.com/5d9hthne', 'Mexican Street Food'),
('Sushi Rolls', 'Japanese sushi with a variety of fillings.', 5, 7, 4, 2, 'Seafood', 'https://tinyurl.com/5d9hthne', 'Japanese Delicacy'),
('Coq au Vin', 'A French dish of chicken braised with wine.', 6, 7, 4, 4, 'Chicken', 'https://tinyurl.com/5d9hthne', 'French Gourmet'),
('Pad Thai', 'A popular Thai noodle dish with a tangy flavor.', 7, 9, 2, 2, 'Noodles', 'https://tinyurl.com/5d9hthne', 'Thai Street Food'),
('Moussaka', 'A Greek casserole with layers of meat and eggplant.', 8, 6, 4, 6, 'Beef', 'https://tinyurl.com/5d9hthne', 'Greek Comfort Food'),
('Paella', 'A Spanish rice dish with seafood and meat.', 9, 1, 4, 4, 'Seafood', 'https://tinyurl.com/5d9hthne', 'Spanish Classic'),
('Lamb Tagine', 'A Moroccan stew with lamb and dried fruits.', 10, 5, 4, 4, 'Lamb', 'https://tinyurl.com/5d9hthne', 'Moroccan Stew'),
('Hamburger', 'A classic American beef burger.', 11, 4, 1, 1, 'Beef', 'https://tinyurl.com/5d9hthne', 'American Favorite'),
('Pho', 'Vietnamese noodle soup with beef or chicken.', 12, 9, 2, 4, 'Noodles', 'https://tinyurl.com/5d9hthne', 'Vietnamese Soup'),
('Kebab', 'Grilled meat skewers popular in Turkish cuisine.', 13, 5, 2, 4, 'Beef', 'https://tinyurl.com/5d9hthne', 'Turkish Delight'),
('Bibimbap', 'A Korean rice dish with mixed vegetables and meat.', 14, 1, 2, 2, 'Rice', 'https://tinyurl.com/5d9hthne', 'Korean Bowl'),
('Feijoada', 'A Brazilian stew with beans and pork.', 15, 2, 4, 6, 'Pork', 'https://tinyurl.com/5d9hthne', 'Brazilian Stew'),
('Doro Wat', 'An Ethiopian chicken stew with eggs.', 16, 7, 4, 4, 'Chicken', 'https://tinyurl.com/5d9hthne', 'Ethiopian Stew'),
('Hummus', 'A Middle Eastern dip made from chickpeas.', 17, 5, 1, 2, 'Vegetarian', 'https://tinyurl.com/5d9hthne', 'Middle Eastern Dip'),
('Borscht', 'A Russian beet soup served hot or cold.', 18, 1, 2, 4, 'Vegetarian', 'https://tinyurl.com/5d9hthne', 'Russian Soup'),
('Sauerbraten', 'A German pot roast, usually of beef.', 19, 6, 4, 6, 'Beef', 'https://tinyurl.com/5d9hthne', 'German Roast'),
('Jerk Chicken', 'A Jamaican dish with spicy marinated chicken.', 2, 5, 2, 4, 'Chicken', 'https://tinyurl.com/5d9hthne', 'Jamaican Spice'),
('Ceviche', 'A Peruvian dish of marinated raw fish.', 1, 9, 2, 2, 'Seafood', 'https://tinyurl.com/5d9hthne', 'Peruvian Freshness'),
('Empanadas', 'Argentinian pastry filled with meat or cheese.', 2, 4, 2, 4, 'Snack', 'https://tinyurl.com/5d9hthne', 'Argentinian Pastry'),
('Arepas', 'A Colombian cornmeal cake, often stuffed.', 3, 6, 1, 2, 'Snack', 'https://tinyurl.com/5d9hthne', 'Colombian Snack'),
('Ropa Vieja', 'Cuban shredded beef stew.', 4, 2, 4, 4, 'Beef', 'https://tinyurl.com/5d9hthne', 'Cuban Stew'),
('Jollof Rice', 'A popular West African rice dish.', 11, 6, 2, 4, 'Rice', 'https://tinyurl.com/5d9hthne', 'West African Staple'),
('Laksa', 'A spicy noodle soup popular in Southeast Asia.', 7, 9, 5, 4, 'Seafood', 'https://tinyurl.com/5d9hthne', 'Southeast Asian Soup'),
('Nasi Goreng', 'Indonesian fried rice.', 8, 9, 1, 2, 'Rice', 'https://tinyurl.com/5d9hthne', 'Indonesian Classic'),
('Bak Kut Teh', 'A Malaysian pork rib soup.', 9, 5, 2, 4, 'Pork', 'https://tinyurl.com/5d9hthne', 'Malaysian Soup'),
('Char Kway Teow', 'A Singaporean stir-fried noodle dish.', 2, 9, 2, 2, 'Noodles', 'https://tinyurl.com/5d9hthne', 'Singaporean Noodles'),
('Fish Amok', 'A Cambodian steamed fish curry.', 1, 7, 2, 4, 'Seafood', 'https://tinyurl.com/5d9hthne', 'Cambodian Curry'),
('Butter Chicken', 'A popular Indian chicken curry.', 3, 1, 2, 4, 'Chicken', 'https://tinyurl.com/5d9hthne', 'Indian Classic'),
('Tom Yum Goong', 'A Thai hot and sour soup with shrimp.', 7, 9, 2, 2, 'Seafood', 'https://tinyurl.com/5d9hthne', 'Thai Soup'),
('Gyros', 'Greek meat dish served with pita bread.', 8, 4, 2, 2, 'Pork', 'https://tinyurl.com/5d9hthne', 'Greek Street Food'),
('Churros', 'Spanish fried dough pastry.', 9, 10, 1, 4, 'Dessert', 'https://tinyurl.com/5d9hthne', 'Spanish Sweet'),
('Shakshuka', 'Middle Eastern dish of poached eggs in tomato sauce.', 17, 5, 1, 2, 'Vegetarian', 'https://tinyurl.com/5d9hthne', 'Middle Eastern Breakfast'),
('Pierogi', 'Polish dumplings filled with various ingredients.', 18, 6, 2, 4, 'Snack', 'https://tinyurl.com/5d9hthne', 'Polish Dumplings'),
('Katsu Curry', 'Japanese curry with breaded pork cutlet.', 5, 1, 2, 2, 'Pork', 'https://tinyurl.com/5d9hthne', 'Japanese Comfort Food'),
('Poutine', 'Canadian dish of fries topped with cheese curds and gravy.', 11, 7, 1, 2, 'Snack', 'https://tinyurl.com/5d9hthne', 'Canadian Snack'),
('Kimchi Jjigae', 'Korean stew made with kimchi and pork.', 14, 5, 2, 4, 'Pork', 'https://tinyurl.com/5d9hthne', 'Korean Stew'),
('Eggs Benedict', 'A classic American breakfast dish with poached eggs.', 11, 4, 2, 2, 'Breakfast', 'https://tinyurl.com/5d9hthne', 'Classic Breakfast'),
('Falafel', 'Deep-fried balls of ground chickpeas or fava beans.', 17, 1, 2, 4, 'Vegetarian', 'https://tinyurl.com/5d9hthne', 'Middle Eastern Snack'),
('Beef Bourguignon', 'A French beef stew braised in red wine.', 6, 7, 5, 6, 'Beef', 'https://tinyurl.com/5d9hthne', 'French Classic'),
('Chicken Adobo', 'A popular Filipino chicken dish marinated in vinegar and soy sauce.', 6, 3, 2, 4, 'Chicken', 'https://tinyurl.com/5d9hthne', 'Filipino Favorite'),
('Fried Rice', 'A Chinese dish of stir-fried rice with vegetables and meat.', 2, 9, 1, 4, 'Rice', 'https://tinyurl.com/5d9hthne', 'Chinese Classic'),
('Beef Wellington', 'A dish of beef wrapped in puff pastry.', 11, 7, 5, 4, 'Beef', 'https://tinyurl.com/5d9hthne', 'Gourmet Dish'),
('Gazpacho', 'A cold Spanish tomato soup.', 9, 5, 1, 4, 'Soup', 'https://tinyurl.com/5d9hthne', 'Spanish Refreshment'),
('Lamb Korma', 'An Indian curry made with lamb and spices.', 3, 7, 5, 4, 'Lamb', 'https://tinyurl.com/5d9hthne', 'Indian Delight'),
('Fish Tacos', 'Mexican tacos made with fried or grilled fish.', 4, 4, 2, 3, 'Seafood', 'https://tinyurl.com/5d9hthne', 'Mexican Street Food'),
('Dolma', 'Stuffed grape leaves common in Middle Eastern cuisine.', 17, 5, 2, 4, 'Vegetarian', 'https://tinyurl.com/5d9hthne', 'Middle Eastern Appetizer'),
('Cottage Pie', 'A British meat pie with a mashed potato crust.', 11, 4, 2, 6, 'Beef', 'https://tinyurl.com/5d9hthne', 'British Classic'),
('Tom Kha Gai', 'A Thai coconut soup with chicken.', 7, 9, 2, 4, 'Soup', 'https://tinyurl.com/5d9hthne', 'Thai Soup'),
('Baklava', 'A sweet pastry made of layers of filo filled with nuts and honey.', 13, 6, 5, 4, 'Dessert', 'https://tinyurl.com/5d9hthne', 'Turkish Sweet'),
('Pulled Pork Sandwich', 'Slow-cooked pork served in a bun.', 11, 4, 3, 4, 'Pork', 'https://tinyurl.com/5d9hthne', 'American Comfort Food'),
('Caesar Salad', 'A salad with romaine lettuce and Caesar dressing.', 11, 5, 1, 2, 'Salad', 'https://tinyurl.com/5d9hthne', 'Classic Salad'),
('Shish Kebab', 'Skewers of grilled meat, commonly beef or lamb.', 13, 5, 3, 4, 'Beef', 'https://tinyurl.com/5d9hthne', 'Turkish Grilled Dish'),
('Chow Mein', 'A Chinese stir-fried noodle dish.', 2, 4, 3, 4, 'Noodles', 'https://tinyurl.com/5d9hthne', 'Chinese Favorite'),
('Biryani', 'A mixed rice dish with spices, meat, and vegetables.', 3, 9, 5, 4, 'Rice', 'https://tinyurl.com/5d9hthne', 'Indian Spiced Rice'),
('Ratatouille', 'A French vegetable stew.', 6, 5, 3, 4, 'Vegetarian', 'https://tinyurl.com/5d9hthne', 'French Vegetable Dish'),
('Pancakes', 'Fluffy American breakfast cakes.', 11, 9, 1, 4, 'Breakfast', 'https://tinyurl.com/5d9hthne', 'Breakfast Favorite'),
('Lentil Soup', 'A hearty and nutritious soup made with lentils.', 17, 1, 1, 4, 'Vegetarian', 'https://tinyurl.com/5d9hthne', 'Middle Eastern Soup'),
('Crème Brûlée', 'A French dessert with a caramelized sugar top.', 6, 7, 5, 4, 'Dessert', 'https://tinyurl.com/5d9hthne', 'French Dessert'),
('Tamales', 'Mexican dish of masa dough steamed in a corn husk.', 4, 9, 3, 4, 'Snack', 'https://tinyurl.com/5d9hthne', 'Mexican Tradition'),
('Peking Duck', 'A Chinese duck dish known for its crispy skin.', 2, 7, 5, 4, 'Poultry', 'https://tinyurl.com/5d9hthne', 'Chinese Delicacy'),
('Pasta Primavera', 'A pasta dish with fresh vegetables.', 1, 6, 3, 4, 'Pasta', 'https://tinyurl.com/5d9hthne', 'Italian Classic'),
('Spanakopita', 'A Greek savory pie with spinach and feta cheese.', 8, 6, 3, 4, 'Vegetarian', 'https://tinyurl.com/5d9hthne', 'Greek Pie'),
('Miso Soup', 'A Japanese soup made with miso paste and tofu.', 5, 5, 1, 4, 'Soup', 'https://tinyurl.com/5d9hthne', 'Japanese Classic'),
('Clam Chowder', 'A rich American soup made with clams and potatoes.', 11, 7, 3, 4, 'Seafood', 'https://tinyurl.com/5d9hthne', 'New England Soup'),
('Croque Monsieur', 'A French grilled ham and cheese sandwich.', 6, 4, 1, 2, 'Sandwich', 'https://tinyurl.com/5d9hthne', 'French Snack'),
('Dim Sum', 'A variety of Chinese steamed dumplings.', 2, 10, 4, 4, 'Snack', 'https://tinyurl.com/5d9hthne', 'Chinese Delight');



INSERT INTO mealType (mealType, image, caption) VALUES
('Breakfast', 'breakfast.jpg', 'Start your day right'),
('Lunch', 'lunch.jpg', 'Midday meals'),
('Dinner', 'dinner.jpg', 'Evening feasts'),
('Brunch', 'brunch.jpg', 'Late morning meals'),
('Snack', 'snack.jpg', 'Quick bites'),
('Dessert', 'dessert.jpg', 'Sweet treats'),
('Appetizer', 'appetizer.jpg', 'Begin your meal');


INSERT INTO mealType_recipe (mealType_id, recipe_id) VALUES
(1, 1),  -- Breakfast, Spaghetti Carbonara
(2, 2),  -- Lunch, General Tso’s Chicken
(3, 3),  -- Dinner, Chicken Tikka Masala
(2, 4),  -- Lunch, Tacos al Pastor
(3, 5),  -- Dinner, Sushi Rolls
(3, 6),  -- Dinner, Coq au Vin
(2, 7),  -- Lunch, Pad Thai
(3, 8),  -- Dinner, Moussaka
(3, 9),  -- Dinner, Paella
(3, 10), -- Dinner, Lamb Tagine
(2, 11), -- Lunch, Hamburger
(3, 12), -- Dinner, Pho
(2, 13), -- Lunch, Kebab
(2, 14), -- Lunch, Bibimbap
(3, 15), -- Dinner, Feijoada
(3, 16), -- Dinner, Doro Wat
(3, 17), -- Dinner, Hummus
(2, 18), -- Lunch, Borscht
(3, 19), -- Dinner, Sauerbraten
(3, 20), -- Dinner, Jerk Chicken
(2, 21), -- Lunch, Ceviche
(3, 22), -- Dinner, Empanadas
(1, 23), -- Breakfast, Arepas
(3, 24), -- Dinner, Ropa Vieja
(2, 25), -- Lunch, Jollof Rice
(2, 26), -- Lunch, Laksa
(2, 27), -- Lunch, Nasi Goreng
(3, 28), -- Dinner, Bak Kut Teh
(2, 29), -- Lunch, Char Kway Teow
(3, 30), -- Dinner, Fish Amok
(3, 31), -- Dinner, Butter Chicken
(2, 32), -- Lunch, Tom Yum Goong
(2, 33), -- Lunch, Gyros
(3, 34), -- Dinner, Churros
(1, 35), -- Breakfast, Shakshuka
(2, 36), -- Lunch, Pierogi
(3, 37), -- Dinner, Katsu Curry
(2, 38), -- Lunch, Poutine
(2, 39), -- Lunch, Kimchi Jjigae
(1, 40), -- Breakfast, Eggs Benedict
(3, 41), -- Dinner, Falafel
(3, 42), -- Dinner, Beef Bourguignon
(3, 43), -- Dinner, Chicken Adobo
(2, 44), -- Lunch, Fried Rice
(3, 45), -- Dinner, Beef Wellington
(1, 46), -- Breakfast, Gazpacho
(3, 47), -- Dinner, Lamb Korma
(2, 48), -- Lunch, Fish Tacos
(2, 49), -- Lunch, Dolma
(2, 50), -- Lunch, Cottage Pie
(2, 51), -- Lunch, Tom Kha Gai
(3, 52), -- Dinner, Baklava
(2, 53), -- Lunch, Pulled Pork Sandwich
(1, 54), -- Breakfast, Caesar Salad
(2, 55), -- Lunch, Shish Kebab
(2, 56), -- Lunch, Chow Mein
(3, 57), -- Dinner, Biryani
(2, 58), -- Lunch, Ratatouille
(1, 59), -- Breakfast, Pancakes
(2, 60), -- Lunch, Lentil Soup
(3, 61), -- Dinner, Crème Brûlée
(2, 62), -- Lunch, Tamales
(3, 63), -- Dinner, Peking Duck
(2, 64), -- Lunch, Pasta Primavera
(2, 65), -- Lunch, Spanakopita
(1, 66), -- Breakfast, Miso Soup
(3, 67), -- Dinner, Clam Chowder
(2, 68), -- Lunch, Croque Monsieur
(2, 69); -- Lunch, Dim Sum

INSERT INTO tag (category, tip1, tip2, tip3, recipe_id) VALUES
('Quick', 'Use fresh eggs', NULL, NULL, 1),  -- Spaghetti Carbonara
('Creamy', 'Cheese texture matters', NULL, NULL, 1),
('Spicy', 'Adjust chili to taste', 'Serve with rice', NULL, 2),  -- General Tso’s Chicken
('Comfort Food', 'Marinate overnight', NULL, NULL, 3),  -- Chicken Tikka Masala
('Street Food', 'Use fresh pineapple', NULL, NULL, 4),  -- Tacos al Pastor
('Traditional', 'Use sushi-grade fish', NULL, NULL, 5),  -- Sushi Rolls
('Quick', 'Technique matters', NULL, NULL ,5),
('Gourmet', 'Use red wine', 'Cook slowly', NULL, 6),  -- Coq au Vin
('Popular', 'Soak noodles before cooking', NULL, NULL, 7),  -- Pad Thai
('Authentic', 'Use eggplant', 'Serve with bread', NULL, 8),  -- Moussaka
('Festive', 'Use saffron', NULL, NULL, 9),  -- Paella
('Exotic', 'Use preserved lemons', NULL, NULL, 10),  -- Lamb Tagine
('Classic', 'Use ground beef', NULL, NULL, 11),  -- Hamburger
('Healthy', 'Use lean beef', NULL, NULL, 12),  -- Pho
('Street Food', 'Grill over charcoal', NULL, NULL, 13),  -- Kebab
('Healthy', 'Use sesame oil', NULL, NULL, 14),  -- Bibimbap
('Hearty', 'Slow cook for best flavor', NULL, NULL, 15),  -- Feijoada
('Spicy', 'Use berbere spice', NULL, NULL, 16),  -- Doro Wat
('Healthy', 'Serve with pita', NULL, NULL, 17),  -- Hummus
('Comfort Food', 'Serve with sour cream', NULL, NULL, 18),  -- Borscht
('Savory', 'Use ginger snaps', NULL, NULL, 19),  -- Sauerbraten
('Spicy', 'Marinate well', 'Grill over wood', NULL, 20),  -- Jerk Chicken
('Fresh', 'Use lime juice', NULL, NULL, 21),  -- Ceviche
('Snack', 'Serve hot', 'Use cheese', NULL, 22),  -- Empanadas
('Breakfast', 'Serve with butter', NULL, NULL, 23),  -- Arepas
('Comfort Food', 'Use bell peppers', NULL, NULL, 24),  -- Ropa Vieja
('Traditional', 'Use long-grain rice', NULL, NULL, 25),  -- Jollof Rice
('Spicy', 'Use fresh lemongrass', NULL, NULL, 26),  -- Laksa
('Flavorful', 'Use day-old rice', NULL, NULL, 27),  -- Nasi Goreng
('Savory', 'Use pork ribs', NULL, NULL, 28),  -- Bak Kut Teh
('Street Food', 'Use fresh prawns', NULL, NULL, 29),  -- Char Kway Teow
('Exotic', 'Serve with coconut rice', NULL, NULL, 30),  -- Fish Amok
('Popular', 'Marinate in yogurt', NULL, NULL, 31),  -- Butter Chicken
('Refreshing', 'Serve hot', NULL, NULL, 32),  -- Tom Yum Goong
('Street Food', 'Serve with tzatziki', NULL, NULL, 33),  -- Gyros
('Sweet', 'Serve with chocolate sauce', NULL, NULL, 34),  -- Churros
('Breakfast', 'Serve with bread', NULL, NULL, 35),  -- Shakshuka
('Traditional', 'Serve with sour cream', NULL, NULL, 36),  -- Pierogi
('Savory', 'Serve with pickles', NULL, NULL, 37),  -- Katsu Curry
('Comfort Food', 'Use cheese curds', NULL, NULL, 38),  -- Poutine
('Spicy', 'Use aged kimchi', NULL, NULL, 39),  -- Kimchi Jjigae
('Rich', 'Use fresh eggs', NULL, NULL, 40),  -- Eggs Benedict
('Vegetarian', 'Serve with tahini', NULL, NULL, 41),  -- Falafel
('Gourmet', 'Use good red wine', NULL, NULL, 42),  -- Beef Bourguignon
('Spicy', 'Marinate overnight', NULL, NULL, 43),  -- Chicken Adobo
('Quick', 'Use day-old rice', NULL, NULL, 44),  -- Fried Rice
('Gourmet', 'Use puff pastry', NULL, NULL, 45),  -- Beef Wellington
('Refreshing', 'Serve cold', NULL, NULL, 46),  -- Gazpacho
('Spicy', 'Use fresh spices', NULL, NULL, 47),  -- Lamb Korma
('Street Food', 'Use fresh fish', NULL, NULL, 48),  -- Fish Tacos
('Vegetarian', 'Serve with yogurt', NULL, NULL, 49),  -- Dolma
('Comfort Food', 'Use mashed potatoes', NULL, NULL, 50),  -- Cottage Pie
('Spicy', 'Use fresh coconut milk', NULL, NULL, 51),  -- Tom Kha Gai
('Sweet', 'Use honey syrup', NULL, NULL, 52),  -- Baklava
('Comfort Food', 'Slow cook pork', NULL, NULL, 53),  -- Pulled Pork Sandwich
('Quick', 'Use fresh lettuce', NULL, NULL, 54),  -- Caesar Salad
('Savory', 'Use lamb', NULL, NULL, 55),  -- Shish Kebab
('Quick', 'Use fresh noodles', NULL, NULL, 56),  -- Chow Mein
('Spicy', 'Use saffron', NULL, NULL, 57),  -- Biryani
('Vegetarian', 'Use fresh herbs', NULL, NULL, 58),  -- Ratatouille
('Breakfast', 'Use fresh berries', NULL, NULL, 59),  -- Pancakes
('Healthy', 'Use red lentils', NULL, NULL, 60),  -- Lentil Soup
('Sweet', 'Caramelize sugar', NULL, NULL, 61),  -- Crème Brûlée
('Street Food', 'Use corn husks', NULL, NULL, 62),  -- Tamales
('Gourmet', 'Use duck breast', NULL, NULL, 63),  -- Peking Duck
('Healthy', 'Use fresh vegetables', NULL, NULL, 64),  -- Pasta Primavera
('Savory', 'Use fresh spinach', NULL, NULL, 65),  -- Spanakopita
('Quick', 'Use soft tofu', NULL, NULL, 66),  -- Miso Soup
('Comfort Food', 'Use fresh clams', NULL, NULL, 67),  -- Clam Chowder
('Quick', 'Use good bread', NULL, NULL, 68),  -- Croque Monsieur
('Savory', 'Serve hot', NULL, NULL, 69),  -- Dim Sum
('Breakfast','Patience', NULL, NULL, 1),  -- Breakfast, Spaghetti Carbonara
('Lunch','Patience', NULL, NULL, 2),  -- Lunch, General Tso’s Chicken
('Dinner','Patience', NULL, NULL, 3),  -- Dinner, Chicken Tikka Masala
('Lunch','Patience', NULL, NULL, 4),  -- Lunch, Tacos al Pastor
('Dinner','Patience', NULL, NULL, 5),  -- Dinner, Sushi Rolls
('Dinner','Patience', NULL, NULL, 6),  -- Dinner, Coq au Vin
('Lunch','Patience', NULL, NULL, 7),  -- Lunch, Pad Thai
('Dinner','Patience', NULL, NULL, 8),  -- Dinner, Moussaka
('Dinner','Patience', NULL, NULL, 9),  -- Dinner, Paella
('Dinner','Patience', NULL, NULL, 10), -- Dinner, Lamb Tagine
('Lunch','Patience', NULL, NULL, 11), -- Lunch, Hamburger
('Dinner','Patience', NULL, NULL, 12), -- Dinner, Pho
('Lunch','Patience', NULL, NULL, 13), -- Lunch, Kebab
('Lunch','Patience', NULL, NULL, 14), -- Lunch, Bibimbap
('Dinner','Patience', NULL, NULL, 15), -- Dinner, Feijoada
('Dinner','Patience', NULL, NULL, 16), -- Dinner, Doro Wat
('Dinner','Patience', NULL, NULL, 17), -- Dinner, Hummus
('Lunch','Patience', NULL, NULL, 18), -- Lunch, Borscht
('Dinner','Patience', NULL, NULL, 19), -- Dinner, Sauerbraten
('Dinner','Patience', NULL, NULL, 20), -- Dinner, Jerk Chicken
('Lunch','Patience', NULL, NULL, 21), -- Lunch, Ceviche
('Dinner','Patience', NULL, NULL, 22), -- Dinner, Empanadas
('Breakfast','Patience', NULL, NULL, 23), -- Breakfast, Arepas
('Dinner','Patience', NULL, NULL, 24), -- Dinner, Ropa Vieja
('Lunch','Patience', NULL, NULL, 25), -- Lunch, Jollof Rice
('Lunch','Patience', NULL, NULL, 26), -- Lunch, Laksa
('Lunch','Patience', NULL, NULL, 27), -- Lunch, Nasi Goreng
('Dinner','Patience', NULL, NULL, 28), -- Dinner, Bak Kut Teh
('Lunch','Patience', NULL, NULL, 29), -- Lunch, Char Kway Teow
('Dinner','Patience', NULL, NULL, 30), -- Dinner, Fish Amok
('Dinner','Patience', NULL, NULL, 31), -- Dinner, Butter Chicken
('Lunch','Patience', NULL, NULL, 32), -- Lunch, Tom Yum Goong
('Lunch','Patience', NULL, NULL, 33), -- Lunch, Gyros
('Dinner','Patience', NULL, NULL, 34), -- Dinner, Churros
('Breakfast','Patience', NULL, NULL, 35), -- Breakfast, Shakshuka
('Lunch','Patience', NULL, NULL, 36), -- Lunch, Pierogi
('Dinner','Patience', NULL, NULL, 37), -- Dinner, Katsu Curry
('Lunch','Patience', NULL, NULL, 38), -- Lunch, Poutine
('Lunch','Patience', NULL, NULL, 39), -- Lunch, Kimchi Jjigae
('Breakfast','Patience', NULL, NULL, 40), -- Breakfast, Eggs Benedict
('Dinner','Patience', NULL, NULL, 41), -- Dinner, Falafel
('Dinner','Patience', NULL, NULL, 42), -- Dinner, Beef Bourguignon
('Dinner','Patience', NULL, NULL, 43), -- Dinner, Chicken Adobo
('Lunch','Patience', NULL, NULL, 44), -- Lunch, Fried Rice
('Dinner','Patience', NULL, NULL, 45), -- Dinner, Beef Wellington
('Breakfast','Patience', NULL, NULL, 46), -- Breakfast, Gazpacho
('Dinner','Patience', NULL, NULL, 47), -- Dinner, Lamb Korma
('Lunch','Patience', NULL, NULL, 48), -- Lunch, Fish Tacos
('Lunch','Patience', NULL, NULL, 49), -- Lunch, Dolma
('Lunch','Patience', NULL, NULL, 50), -- Lunch, Cottage Pie
('Lunch','Patience', NULL, NULL, 51), -- Lunch, Tom Kha Gai
('Dinner','Patience', NULL, NULL, 52), -- Dinner, Baklava
('Lunch','Patience', NULL, NULL, 53), -- Lunch, Pulled Pork Sandwich
('Breakfast','Patience', NULL, NULL, 54), -- Breakfast, Caesar Salad
('Lunch','Patience', NULL, NULL, 55), -- Lunch, Shish Kebab
('Lunch','Patience', NULL, NULL, 56), -- Lunch, Chow Mein
('Dinner','Patience', NULL, NULL, 57), -- Dinner, Biryani
('Lunch','Patience', NULL, NULL, 58), -- Lunch, Ratatouille
('Breakfast','Patience', NULL, NULL, 59), -- Breakfast, Pancakes
('Lunch','Patience', NULL, NULL, 60), -- Lunch, Lentil Soup
('Dinner','Patience', NULL, NULL, 61), -- Dinner, Crème Brûlée
('Lunch','Patience', NULL, NULL, 62), -- Lunch, Tamales
('Dinner','Patience', NULL, NULL, 63), -- Dinner, Peking Duck
('Lunch','Patience', NULL, NULL, 64), -- Lunch, Pasta Primavera
('Lunch','Patience', NULL, NULL, 65), -- Lunch, Spanakopita
('Breakfast','Patience', NULL, NULL, 66), -- Breakfast, Miso Soup
('Dinner','Patience', NULL, NULL, 67), -- Dinner, Clam Chowder
('Lunch','Patience', NULL, NULL, 68), -- Lunch, Croque Monsieur
('Lunch','Patience', NULL, NULL, 69); -- Lunch, Dim Sum


INSERT INTO tool (tool_name, manual, image, caption) VALUES
('Chef Knife', 'A versatile tool for chopping, slicing, and dicing.', 'https://tinyurl.com/mb9h7ptj', 'Essential kitchen tool'),
('Cutting Board', 'A flat surface to safely cut ingredients.', 'https://tinyurl.com/mb9h7ptj', 'Protects countertops'),
('Mixing Bowl', 'A bowl used to mix ingredients.', 'https://tinyurl.com/mb9h7ptj', 'Ideal for mixing'),
('Measuring Cups', 'Used to measure liquid or dry ingredients.', 'https://tinyurl.com/mb9h7ptj', 'Accurate measurements'),
('Measuring Spoons', 'Used to measure small quantities of ingredients.', 'https://tinyurl.com/mb9h7ptj', 'Precision for small amounts'),
('Whisk', 'A tool used to blend ingredients smoothly.', 'https://tinyurl.com/mb9h7ptj', 'Ideal for mixing'),
('Spatula', 'A tool used for flipping or spreading.', 'https://tinyurl.com/mb9h7ptj', 'Versatile kitchen tool'),
('Tongs', 'A tool used for gripping and lifting items.', 'https://tinyurl.com/mb9h7ptj', 'For easy handling'),
('Rolling Pin', 'A tool used to roll out dough.', 'https://tinyurl.com/mb9h7ptj', 'For perfect dough'),
('Peeler', 'A tool used to remove the skin from vegetables and fruits.', 'https://tinyurl.com/mb9h7ptj', 'For peeling'),
('Grater', 'A tool used to grate cheese or other ingredients.', 'https://tinyurl.com/mb9h7ptj', 'For fine grating'),
('Colander', 'A bowl used to drain liquids from foods.', 'https://tinyurl.com/mb9h7ptj', 'For straining'),
('Garlic Press', 'A tool used to crush garlic cloves.', 'https://tinyurl.com/mb9h7ptj', 'For crushed garlic'),
('Can Opener', 'A tool used to open cans.', 'https://tinyurl.com/mb9h7ptj', 'For easy can opening'),
('Blender', 'A tool used to blend ingredients into liquids.', 'https://tinyurl.com/mb9h7ptj', 'For smoothies and soups'),
('Food Processor', 'A tool used to chop, slice, and puree food.', 'https://tinyurl.com/mb9h7ptj', 'Multipurpose kitchen tool'),
('Microwave', 'An appliance used to heat food quickly.', 'https://tinyurl.com/mb9h7ptj', 'For quick heating'),
('Oven', 'An appliance used for baking or roasting.', 'https://tinyurl.com/mb9h7ptj', 'For baking and roasting'),
('Stove', 'An appliance used for cooking on a stovetop.', 'https://tinyurl.com/mb9h7ptj', 'For stovetop cooking'),
('Toaster', 'An appliance used to toast bread.', 'https://tinyurl.com/mb9h7ptj', 'For toasted bread'),
('Stand Mixer', 'A machine used to mix ingredients.', 'https://tinyurl.com/mb9h7ptj', 'For effortless mixing'),
('Hand Mixer', 'A handheld device used to mix ingredients.', 'https://tinyurl.com/mb9h7ptj', 'For small mixing jobs'),
('Slow Cooker', 'A countertop appliance used for simmering foods.', 'https://tinyurl.com/mb9h7ptj', 'For slow cooking'),
('Pressure Cooker', 'A pot used to cook food quickly under pressure.', 'https://tinyurl.com/mb9h7ptj', 'For fast cooking'),
('Rice Cooker', 'A device used to cook rice.', 'https://tinyurl.com/mb9h7ptj', 'For perfect rice'),
('Deep Fryer', 'An appliance used to deep fry foods.', 'https://tinyurl.com/mb9h7ptj', 'For deep frying'),
('Waffle Iron', 'A device used to make waffles.', 'https://tinyurl.com/mb9h7ptj', 'For homemade waffles'),
('Ice Cream Maker', 'A machine used to make ice cream.', 'https://tinyurl.com/mb9h7ptj', 'For homemade ice cream'),
('Sous Vide Machine', 'A device used for sous vide cooking.', 'https://tinyurl.com/mb9h7ptj', 'For precision cooking'),
('Immersion Blender', 'A handheld blender for mixing directly in a pot.', 'https://tinyurl.com/mb9h7ptj', 'For easy blending'),
('Salad Spinner', 'A tool used to remove water from salad greens.', 'https://tinyurl.com/mb9h7ptj', 'For dry greens'),
('Mandoline', 'A tool used to slice vegetables thinly.', 'https://tinyurl.com/mb9h7ptj', 'For uniform slices'),
('Microplane', 'A tool used for grating zest or spices.', 'https://tinyurl.com/mb9h7ptj', 'For fine zesting'),
('Ladle', 'A large spoon used for serving soup.', 'https://tinyurl.com/mb9h7ptj', 'For serving soup'),
('Soup Pot', 'A large pot used for cooking soup.', 'https://tinyurl.com/mb9h7ptj', 'For making soup'),
('Saucepan', 'A small pan used for cooking sauces.', 'https://tinyurl.com/mb9h7ptj', 'For sauces and more'),
('Sauté Pan', 'A pan used for sautéing foods.', 'https://tinyurl.com/mb9h7ptj', 'For sautéing'),
('Stock Pot', 'A large pot used for making stock.', 'https://tinyurl.com/mb9h7ptj', 'For making stock'),
('Frying Pan', 'A pan used for frying foods.', 'https://tinyurl.com/mb9h7ptj', 'For frying'),
('Grill Pan', 'A pan with raised edges for grilling indoors.', 'https://tinyurl.com/mb9h7ptj', 'For indoor grilling'),
('Dutch Oven', 'A heavy pot used for slow cooking.', 'https://tinyurl.com/mb9h7ptj', 'For slow cooking'),
('Baking Sheet', 'A flat sheet used for baking.', 'https://tinyurl.com/mb9h7ptj', 'For baking'),
('Cake Pan', 'A pan used for baking cakes.', 'https://tinyurl.com/mb9h7ptj', 'For baking cakes'),
('Pie Dish', 'A dish used for baking pies.', 'https://tinyurl.com/mb9h7ptj', 'For baking pies'),
('Muffin Tin', 'A pan used for baking muffins or cupcakes.', 'https://tinyurl.com/mb9h7ptj', 'For muffins and cupcakes'),
('Roasting Pan', 'A pan used for roasting meat or vegetables.', 'https://tinyurl.com/mb9h7ptj', 'For roasting'),
('Cooling Rack', 'A rack used to cool baked goods.', 'https://tinyurl.com/mb9h7ptj', 'For cooling'),
('Pastry Brush', 'A brush used to spread butter or egg wash.', 'https://tinyurl.com/mb9h7ptj', 'For pastry work'),
('Bench Scraper', 'A tool used to scrape dough or cut pastry.', 'https://tinyurl.com/mb9h7ptj', 'For dough handling'),
('Rolling Pin', 'A tool used to roll out dough.', 'https://tinyurl.com/mb9h7ptj', 'For perfect dough'),
('Zester', 'A tool used to zest citrus fruits.', 'https://tinyurl.com/mb9h7ptj', 'For zesting citrus'),
('Pizza Cutter', 'A tool used to slice pizza.', 'https://tinyurl.com/mb9h7ptj', 'For slicing pizza'),
('Pasta Maker', 'A machine used to make pasta.', 'https://tinyurl.com/mb9h7ptj', 'For homemade pasta'),
('Electric Kettle', 'A kettle used to boil water.', 'https://tinyurl.com/mb9h7ptj', 'For boiling water'),
('Bread Machine', 'A machine used to make bread.', 'https://tinyurl.com/mb9h7ptj', 'For homemade bread'),
('Food Scale', 'A scale used to weigh ingredients.', 'https://tinyurl.com/mb9h7ptj', 'For accurate weighing'),
('Thermometer', 'A tool used to measure temperature.', 'https://tinyurl.com/mb9h7ptj', 'For checking temperatures'),
('Steamer Basket', 'A basket used for steaming foods.', 'https://tinyurl.com/mb9h7ptj', 'For steaming'),
('Tart Pan', 'A pan used for baking tarts.', 'https://tinyurl.com/mb9h7ptj', 'For baking tarts'),
('Baster', 'A tool used to moisten meat with its own juices.', 'https://tinyurl.com/mb9h7ptj', 'For basting'),
('Skewers', 'Sticks used to hold food together while grilling.', 'https://tinyurl.com/mb9h7ptj', 'For grilling'),
('Mortar and Pestle', 'A set used to grind spices.', 'https://tinyurl.com/mb9h7ptj', 'For grinding spices'),
('Pepper Mill', 'A mill used to grind pepper.', 'https://tinyurl.com/mb9h7ptj', 'For fresh pepper'),
('Butter Dish', 'A dish used to hold butter.', 'https://tinyurl.com/mb9h7ptj', 'For holding butter'),
('Egg Separator', 'A tool used to separate egg yolks from whites.', 'https://tinyurl.com/mb9h7ptj', 'For separating eggs'),
('Mandoline Slicer', 'A tool used to slice vegetables.', 'https://tinyurl.com/mb9h7ptj', 'For uniform slices'),
('Y Peeler', 'A peeler with a Y-shaped design.', 'https://tinyurl.com/mb9h7ptj', 'For easy peeling'),
('Sifter', 'A tool used to sift flour or powdered sugar.', 'https://tinyurl.com/mb9h7ptj', 'For sifting'),
('Grill Brush', 'A brush used to clean grill grates.', 'https://tinyurl.com/mb9h7ptj', 'For cleaning grills'),
('Kitchen Shears', 'Scissors used for kitchen tasks.', 'https://tinyurl.com/mb9h7ptj', 'For cutting'),
('Fish Spatula', 'A spatula used to handle fish.', 'https://tinyurl.com/mb9h7ptj', 'For handling fish'),
('Butterfly Cutter', 'A tool used to cut butterfly shapes.', 'https://tinyurl.com/mb9h7ptj', 'For decorative cuts'),
('Cake Stand', 'A stand used to display cakes.', 'https://tinyurl.com/mb9h7ptj', 'For displaying cakes'),
('Jelly Roll Pan', 'A pan used for baking jelly rolls.', 'https://tinyurl.com/mb9h7ptj', 'For baking rolls'),
('Springform Pan', 'A pan used for baking cheesecakes.', 'https://tinyurl.com/mb9h7ptj', 'For cheesecakes'),
('Ramekins', 'Small dishes used for baking.', 'https://tinyurl.com/mb9h7ptj', 'For baking'),
('Cookie Cutters', 'Tools used to cut cookie shapes.', 'https://tinyurl.com/mb9h7ptj', 'For cutting cookies'),
('Pastry Bag', 'A bag used for piping icing or dough.', 'https://tinyurl.com/mb9h7ptj', 'For decorating'),
('Food Mill', 'A tool used to mash or puree foods.', 'https://tinyurl.com/mb9h7ptj', 'For mashing'),
('Spice Grinder', 'A grinder used to grind spices.', 'https://tinyurl.com/mb9h7ptj', 'For grinding spices'),
('Panini Press', 'A press used to grill sandwiches.', 'https://tinyurl.com/mb9h7ptj', 'For grilling sandwiches'),
('Grill Press', 'A press used to flatten meats while grilling.', 'https://tinyurl.com/mb9h7ptj', 'For flattening'),
('Tortilla Press', 'A press used to make tortillas.', 'https://tinyurl.com/mb9h7ptj', 'For making tortillas'),
('Potato Masher', 'A tool used to mash potatoes.', 'https://tinyurl.com/mb9h7ptj', 'For mashing'),
('Turkey Baster', 'A baster used for large meats.', 'https://tinyurl.com/mb9h7ptj', 'For basting turkeys'),
('Dough Scraper', 'A tool used to scrape dough.', 'https://tinyurl.com/mb9h7ptj', 'For dough handling'),
('Oil Mister', 'A tool used to spray oil.', 'https://tinyurl.com/mb9h7ptj', 'For spraying oil'),
('Silicone Mat', 'A mat used for non-stick baking.', 'https://tinyurl.com/mb9h7ptj', 'For non-stick baking'),
('Dough Hook', 'An attachment for mixing dough.', 'https://tinyurl.com/mb9h7ptj', 'For mixing dough'),
('Whipped Cream Dispenser', 'A tool used to dispense whipped cream.', 'https://tinyurl.com/mb9h7ptj', 'For whipped cream');



INSERT INTO recipe_tool (recipe_id, tool_id) VALUES
(1, 1),
(1, 2),
(1, 3),
(2, 4),
(2, 5),
(2, 6),
(3, 7),
(3, 8),
(3, 9),
(4, 10),
(4, 11),
(4, 12),
(5, 13),
(5, 14),
(5, 15),
(6, 16),
(6, 17),
(6, 18),
(7, 19),
(7, 20),
(7, 21),
(8, 22),
(8, 23),
(8, 24),
(9, 25),
(9, 26),
(9, 27),
(10, 28),
(10, 29),
(10, 30),
(11, 31),
(11, 32),
(11, 33),
(12, 34),
(12, 35),
(12, 36),
(13, 37),
(13, 38),
(13, 39),
(14, 40),
(14, 41),
(14, 42),
(15, 43),
(15, 44),
(15, 45),
(16, 46),
(16, 47),
(16, 48),
(17, 49),
(17, 50),
(17, 51),
(18, 52),
(18, 53),
(18, 54),
(19, 55),
(19, 56),
(19, 57),
(20, 58),
(20, 59),
(20, 60),
(21, 61),
(21, 62),
(21, 63),
(22, 64),
(22, 65),
(22, 66),
(23, 67),
(23, 68),
(23, 69),
(24, 70),
(24, 71),
(24, 72),
(25, 73),
(25, 74),
(25, 75),
(26, 76),
(26, 77),
(26, 78),
(27, 79),
(27, 80),
(27, 81),
(28, 82),
(28, 83),
(28, 84),
(29, 85),
(29, 86),
(29, 87),
(30, 88),
(30, 89),
(30, 90),
(34, 1),
(34, 2),
(35, 3),
(35, 4),
(35, 5),
(36, 6),
(36, 7),
(36, 8),
(37, 9),
(37, 10),
(37, 11),
(38, 12),
(38, 13),
(38, 14),
(39, 15),
(39, 16),
(39, 17),
(40, 18),
(40, 19),
(40, 20),
(41, 21),
(41, 22),
(41, 23),
(42, 24),
(42, 25),
(42, 26),
(43, 27),
(43, 28),
(43, 29),
(44, 30),
(44, 31),
(44, 32),
(45, 33),
(45, 34),
(45, 35),
(46, 36),
(46, 37),
(46, 38),
(47, 39),
(47, 40),
(47, 41),
(48, 42),
(48, 43),
(48, 44),
(49, 45),
(49, 46),
(49, 47),
(50, 48),
(50, 49),
(50, 50),
(51, 51),
(51, 52),
(51, 53),
(52, 54),
(52, 55),
(52, 56),
(53, 57),
(53, 58),
(53, 59),
(54, 60),
(54, 61),
(54, 62),
(55, 63),
(55, 64),
(55, 65),
(56, 66),
(56, 67),
(56, 68),
(57, 69),
(57, 70),
(57, 71),
(58, 72),
(58, 73),
(58, 74),
(59, 75),
(59, 76),
(59, 77),
(60, 78),
(60, 79),
(60, 80),
(61, 81),
(61, 82),
(61, 83),
(62, 84),
(62, 85),
(62, 86),
(63, 87),
(63, 88),
(63, 89),
(64, 90),
(67, 1),
(68, 2),
(68, 3),
(68, 4),
(69, 5),
(69, 6),
(69, 7);


INSERT INTO step (step_descr, step_order) VALUES
('Preheat the oven to 350°F (175°C).', 1),
('Mix flour, sugar, and baking powder in a bowl.', 2),
('Add eggs and milk to the mixture.', 3),
('Stir until the batter is smooth.', 4),
('Grease the baking pan with butter.', 5),
('Pour the batter into the baking pan.', 6),
('Bake for 25-30 minutes.', 7),
('Let the cake cool before serving.', 8),
('Chop onions and garlic.', 1),
('Heat oil in a pan over medium heat.', 2),
('Sauté onions and garlic until translucent.', 3),
('Add diced tomatoes and stir.', 4),
('Simmer for 15 minutes.', 5),
('Season with salt and pepper.', 6),
('Serve hot with bread.', 7),
('Wash and peel potatoes.', 1),
('Cut potatoes into small cubes.', 2),
('Boil potatoes in salted water for 10 minutes.', 3),
('Drain the water and mash the potatoes.', 4),
('Add butter and milk to the mashed potatoes.', 5),
('Mix until creamy.', 6),
('Season with salt and pepper.', 7),
('Serve warm.', 8),
('Preheat the grill to medium-high heat.', 1),
('Season the steak with salt and pepper.', 2),
('Grill the steak for 5-7 minutes on each side.', 3),
('Let the steak rest for 5 minutes.', 4),
('Slice the steak and serve.', 5),
('Wash and trim green beans.', 1),
('Blanch green beans in boiling water for 3 minutes.', 2),
('Drain and transfer to ice water.', 3),
('Heat butter in a pan over medium heat.', 4),
('Sauté green beans for 5 minutes.', 5),
('Season with salt and pepper.', 6),
('Serve hot.', 7),
('Crush graham crackers into fine crumbs.', 1),
('Mix crumbs with melted butter.', 2),
('Press the mixture into the bottom of a baking dish.', 3),
('Chill in the refrigerator for 30 minutes.', 4),
('Spread cream cheese over the crust.', 5),
('Top with cherry pie filling.', 6),
('Chill for another hour before serving.', 7),
('Boil pasta in salted water according to package instructions.', 1),
('Drain and set aside.', 2),
('Heat olive oil in a pan over medium heat.', 3),
('Add minced garlic and sauté for 1 minute.', 4),
('Add cherry tomatoes and cook for 5 minutes.', 5),
('Stir in cooked pasta.', 6),
('Season with salt, pepper, and basil.', 7),
('Serve with grated Parmesan cheese.', 8),
('Melt butter in a saucepan over medium heat.', 1),
('Whisk in flour to make a roux.', 2),
('Gradually add milk, stirring constantly.', 3),
('Cook until the sauce thickens.', 4),
('Season with salt, pepper, and nutmeg.', 5),
('Remove from heat and let it cool slightly.', 6),
('Preheat the oven to 375°F (190°C).', 1),
('Season chicken breasts with salt and pepper.', 2),
('Place chicken in a baking dish.', 3),
('Pour sauce over the chicken.', 4),
('Bake for 35-40 minutes.', 5),
('Let the chicken rest for 5 minutes before serving.', 6),
('Peel and dice carrots.', 1),
('Boil carrots in salted water until tender.', 2),
('Drain and transfer to a bowl.', 3),
('Mash carrots with a fork.', 4),
('Add honey and butter.', 5),
('Mix until well combined.', 6),
('Serve warm.', 7),
('Combine flour, salt, and yeast in a bowl.', 1),
('Add water and mix until a dough forms.', 2),
('Knead the dough for 10 minutes.', 3),
('Cover and let rise for 1 hour.', 4),
('Preheat the oven to 400°F (200°C).', 5),
('Shape the dough into a loaf.', 6),
('Place on a baking sheet.', 7),
('Bake for 25-30 minutes.', 8),
('Let the bread cool before slicing.', 9),
('Wash and slice cucumbers.', 1),
('Mix vinegar, water, and sugar in a bowl.', 2),
('Add cucumbers and toss to coat.', 3),
('Refrigerate for 1 hour before serving.', 4),
('Combine all dressing ingredients in a jar.', 1),
('Shake well to mix.', 2),
('Drizzle over salad.', 3),
('Toss to coat evenly.', 4),
('Serve immediately.', 5),
('Slice beef into thin strips.', 1),
('Marinate beef with soy sauce, garlic, and ginger.', 2),
('Heat oil in a wok over high heat.', 3),
('Stir-fry beef for 3-4 minutes.', 4),
('Add vegetables and stir-fry for another 2 minutes.', 5),
('Serve hot with rice.', 6),
('Mix flour, sugar, and salt in a bowl.', 1),
('Cut in butter until the mixture resembles coarse crumbs.', 2),
('Add water, 1 tablespoon at a time, until dough forms.', 3),
('Roll out dough on a floured surface.', 4),
('Cut into desired shapes.', 5),
('Bake at 375°F (190°C) for 10-12 minutes.', 6),
('Let cookies cool before serving.', 7),
('Blend strawberries, sugar, and lemon juice in a blender.', 1),
('Pour mixture into popsicle molds.', 2),
('Insert sticks and freeze for at least 4 hours.', 3),
('Run warm water over molds to release popsicles.', 4),
('Serve immediately.', 5),
('Whisk eggs, milk, and vanilla in a bowl.', 1),
('Dip bread slices in the egg mixture.', 2),
('Cook on a greased skillet over medium heat.', 3),
('Flip to cook both sides until golden brown.', 4),
('Serve with syrup.', 5),
('Grate zucchini and squeeze out excess water.', 1),
('Mix zucchini with flour, eggs, and cheese.', 2),
('Shape into small patties.', 3),
('Cook on a greased skillet until golden brown.', 4),
('Serve with sour cream.', 5),
('Whisk together flour, cocoa powder, and baking powder.', 1),
('In another bowl, beat eggs and sugar until fluffy.', 2),
('Add melted butter and vanilla to the egg mixture.', 3),
('Gradually add dry ingredients.', 4),
('Pour batter into a greased baking pan.', 5),
('Bake at 350°F (175°C) for 20-25 minutes.', 6),
('Let cool before cutting into squares.', 7),
('Mix oats, milk, and yogurt in a jar.', 1),
('Add honey and fruit.', 2),
('Stir well and refrigerate overnight.', 3),
('Serve cold in the morning.', 4),
('Cook rice according to package instructions.', 1),
('Heat oil in a pan over medium heat.', 2),
('Add beaten eggs and scramble until cooked.', 3),
('Add cooked rice and soy sauce.', 4),
('Stir-fry until heated through.', 5),
('Serve with chopped green onions.', 6),
('Boil water and steep tea leaves for 5 minutes.', 1),
('Strain tea into a pitcher.', 2),
('Add sugar and lemon juice.', 3),
('Chill in the refrigerator.', 4),
('Serve over ice.', 5);


INSERT INTO recipe_step (recipe_id, step_id) VALUES
(1, 1),
(1, 2),
(1, 3),
(1, 4),
(2, 5),
(2, 6),
(2, 7),
(2, 8),
(3, 9),
(3, 10),
(3, 11),
(3, 12),
(4, 13),
(4, 14),
(4, 15),
(4, 16),
(5, 17),
(5, 18),
(5, 19),
(5, 20),
(6, 21),
(6, 22),
(6, 23),
(6, 24),
(7, 25),
(7, 26),
(7, 27),
(7, 28),
(8, 29),
(8, 30),
(8, 31),
(8, 32),
(9, 33),
(9, 34),
(9, 35),
(9, 36),
(10, 37),
(10, 38),
(10, 39),
(10, 40),
(11, 41),
(11, 42),
(11, 43),
(11, 44),
(12, 45),
(12, 46),
(12, 47),
(12, 48),
(13, 49),
(13, 50),
(13, 51),
(13, 52),
(14, 53),
(14, 54),
(14, 55),
(14, 56),
(15, 57),
(15, 58),
(15, 59),
(15, 60),
(16, 61),
(16, 62),
(16, 63),
(16, 64),
(17, 65),
(17, 66),
(17, 67),
(17, 68),
(18, 69),
(18, 70),
(18, 71),
(18, 72),
(19, 73),
(19, 74),
(19, 75),
(19, 76),
(20, 77),
(20, 78),
(20, 79),
(20, 80),
(21, 81),
(21, 82),
(21, 83),
(21, 84),
(22, 85),
(22, 86),
(22, 87),
(22, 88),
(23, 89),
(23, 90),
(23, 91),
(23, 92),
(24, 93),
(24, 94),
(24, 95),
(24, 96),
(25, 97),
(25, 98),
(25, 99),
(25, 100),
(26, 5),
(26, 15),
(26, 25),
(26, 35),
(26, 45),
(27, 6),
(27, 16),
(27, 26),
(27, 36),
(27, 46),
(28, 7),
(28, 17),
(28, 27),
(28, 37),
(28, 47),
(29, 8),
(29, 18),
(29, 28),
(29, 38),
(29, 48),
(30, 9),
(30, 19),
(30, 29),
(30, 39),
(30, 49),
(31, 10),
(31, 20),
(31, 30),
(31, 40),
(31, 50),
(32, 11),
(32, 21),
(32, 31),
(32, 41),
(32, 51),
(33, 12),
(33, 22),
(33, 32),
(33, 42),
(33, 52),
(34, 13),
(34, 23),
(34, 33),
(34, 43),
(34, 53),
(35, 14),
(35, 24),
(35, 34),
(35, 44),
(35, 54),
(36, 1),
(36, 11),
(36, 21),
(36, 31),
(36, 41),
(37, 2),
(37, 12),
(37, 22),
(37, 32),
(37, 42),
(38, 3),
(38, 13),
(38, 23),
(38, 33),
(38, 43),
(39, 4),
(39, 14),
(39, 24),
(39, 34),
(39, 44),
(40, 5),
(40, 15),
(40, 25),
(40, 35),
(40, 45),
(41, 6),
(41, 16),
(41, 26),
(41, 36),
(41, 46),
(42, 7),
(42, 17),
(42, 27),
(42, 37),
(42, 47),
(43, 8),
(43, 18),
(43, 28),
(43, 38),
(43, 48),
(44, 9),
(44, 19),
(44, 29),
(44, 39),
(44, 49),
(45, 10),
(45, 20),
(45, 30),
(45, 40),
(45, 50),
(46, 11),
(46, 21),
(46, 31),
(46, 41),
(46, 51),
(47, 12),
(47, 22),
(47, 32),
(47, 42),
(47, 52),
(48, 13),
(48, 23),
(48, 33),
(48, 43),
(48, 53),
(49, 14),
(49, 24),
(49, 34),
(49, 44),
(49, 54),
(50, 15),
(50, 25),
(50, 35),
(50, 45),
(50, 55),
(51, 16),
(51, 26),
(51, 36),
(51, 46),
(51, 56),
(52, 17),
(52, 27),
(52, 37),
(52, 47),
(52, 57),
(53, 18),
(53, 28),
(53, 38),
(53, 48),
(53, 58),
(54, 19),
(54, 29),
(54, 39),
(54, 49),
(54, 59),
(55, 20),
(55, 30),
(55, 40),
(55, 50),
(55, 60),
(56, 21),
(56, 31),
(56, 41),
(56, 51),
(56, 61),
(57, 22),
(57, 32),
(57, 42),
(57, 52),
(57, 62),
(58, 23),
(58, 33),
(58, 43),
(58, 53),
(58, 63),
(59, 24),
(59, 34),
(59, 44),
(59, 54),
(59, 64),
(60, 25),
(60, 35),
(60, 45),
(60, 55),
(60, 65),
(61, 26),
(61, 36),
(61, 46),
(61, 56),
(61, 66),
(62, 27),
(62, 37),
(62, 47),
(62, 57),
(62, 67),
(63, 28),
(63, 38),
(63, 48),
(63, 58),
(63, 68),
(64, 29),
(64, 39),
(64, 49),
(64, 59),
(64, 69),
(65, 30),
(65, 40),
(65, 50),
(65, 60),
(65, 70),
(66, 31),
(66, 41),
(66, 51),
(66, 61),
(66, 71),
(67, 32),
(67, 42),
(67, 52),
(67, 62),
(67, 72),
(68, 33),
(68, 43),
(68, 53),
(68, 63),
(68, 73),
(69, 34),
(69, 44),
(69, 54),
(69, 64),
(69, 74);

INSERT INTO foodGroup (foodGroup, descr, image, caption) VALUES
('Grains', 'Includes wheat, rice, oats, cornmeal, barley, and other cereal grains.', 'https://tinyurl.com/4uzv3ue2', 'Whole grains and refined grains.'),
('Vegetables', 'Includes all fresh, frozen, canned, and dried vegetables.', 'https://tinyurl.com/4uzv3ue2', 'Leafy greens, root vegetables, and legumes.'),
('Fruits', 'Includes all fresh, frozen, canned, and dried fruits.', 'https://tinyurl.com/4uzv3ue2', 'Citrus fruits, berries, and tropical fruits.'),
('Dairy', 'Includes milk, yogurt, cheese, and fortified soy milk.', 'https://tinyurl.com/4uzv3ue2', 'Milk products and alternatives.'),
('Protein Foods', 'Includes meat, poultry, seafood, beans, peas, eggs, processed soy products, nuts, and seeds.', 'https://tinyurl.com/4uzv3ue2', 'Animal and plant-based proteins.'),
('Oils', 'Includes vegetable oils and oils in food such as nuts and seafood.', 'https://tinyurl.com/4uzv3ue2', 'Olive oil, sunflower oil, and fish oil.'),
('Sweets', 'Includes sugary foods such as candy, soda, and desserts.', 'https://tinyurl.com/4uzv3ue2', 'Confectionery and sugary treats.'),
('Beverages', 'Includes water, coffee, tea, and other drinks.', 'https://tinyurl.com/4uzv3ue2', 'Non-alcoholic drinks.'),
('Spices and Herbs', 'Includes all spices, herbs, and seasonings.', 'https://tinyurl.com/4uzv3ue2', 'Seasonings and flavor enhancers.'),
('Fats', 'Includes butter, margarine, and other fats.', 'https://tinyurl.com/4uzv3ue2', 'Solid fats and spreads.'),
('Seafood', 'Includes fish, shellfish, and other sea creatures.', 'https://tinyurl.com/4uzv3ue2', 'Freshwater and saltwater seafood.'),
('Legumes', 'Includes beans, lentils, and peas.', 'https://tinyurl.com/4uzv3ue2', 'Dried beans, lentils, and chickpeas.'),
('Unused food group 1', 'Includes unused ingredients 1 and 2', 'https://tinyurl.com/4uzv3ue2', 'unused');



INSERT INTO ingredient (ingredient, calories, foodGroup_id, image, caption) VALUES
('Wheat Flour', 364, 1, 'https://tinyurl.com/5bbnhrck', 'All-purpose wheat flour'),
('Rice', 130, 1, 'https://tinyurl.com/5bbnhrck', 'White rice, cooked'),
('Oats', 389, 1, 'https://tinyurl.com/5bbnhrck', 'Rolled oats, uncooked'),
('Cornmeal', 370, 1, 'https://tinyurl.com/5bbnhrck', 'Yellow cornmeal'),
('Barley', 354, 1, 'https://tinyurl.com/5bbnhrck', 'Pearled barley'),
('Spinach', 23, 2, 'https://tinyurl.com/5bbnhrck', 'Fresh spinach leaves'),
('Carrot', 41, 2, 'https://tinyurl.com/5bbnhrck', 'Raw carrots'),
('Tomato', 18, 2, 'https://tinyurl.com/5bbnhrck', 'Fresh tomatoes'),
('Broccoli', 55, 2, 'https://tinyurl.com/5bbnhrck', 'Fresh broccoli'),
('Potato', 77, 2, 'https://tinyurl.com/5bbnhrck', 'Raw potatoes'),
('Apple', 52, 3, 'https://tinyurl.com/5bbnhrck', 'Fresh apples'),
('Banana', 89, 3, 'https://tinyurl.com/5bbnhrck', 'Ripe bananas'),
('Orange', 47, 3, 'https://tinyurl.com/5bbnhrck', 'Fresh oranges'),
('Strawberry', 32, 3, 'https://tinyurl.com/5bbnhrck', 'Fresh strawberries'),
('Mango', 60, 3, 'https://tinyurl.com/5bbnhrck', 'Ripe mangoes'),
('Milk', 42, 4, 'https://tinyurl.com/5bbnhrck', 'Whole milk'),
('Yogurt', 59, 4, 'https://tinyurl.com/5bbnhrck', 'Plain yogurt'),
('Cheese', 402, 4, 'https://tinyurl.com/5bbnhrck', 'Cheddar cheese'),
('Soy Milk', 54, 4, 'https://tinyurl.com/5bbnhrck', 'Fortified soy milk'),
('Butter', 717, 10, 'https://tinyurl.com/5bbnhrck', 'Unsalted butter'),
('Chicken Breast', 165, 5, 'https://tinyurl.com/5bbnhrck', 'Skinless chicken breast'),
('Beef', 250, 5, 'https://tinyurl.com/5bbnhrck', 'Ground beef'),
('Salmon', 208, 5, 'https://tinyurl.com/5bbnhrck', 'Atlantic salmon'),
('Eggs', 155, 5, 'https://tinyurl.com/5bbnhrck', 'Whole eggs'),
('Almonds', 579, 5, 'https://tinyurl.com/5bbnhrck', 'Raw almonds'),
('Olive Oil', 884, 6, 'https://tinyurl.com/5bbnhrck', 'Extra virgin olive oil'),
('Sunflower Oil', 884, 6, 'https://tinyurl.com/5bbnhrck', 'Sunflower oil'),
('Coconut Oil', 862, 6, 'https://tinyurl.com/5bbnhrck', 'Virgin coconut oil'),
('Chocolate', 546, 7, 'https://tinyurl.com/5bbnhrck', 'Dark chocolate'),
('Sugar', 387, 7, 'https://tinyurl.com/5bbnhrck', 'Granulated sugar'),
('Honey', 304, 7, 'https://tinyurl.com/5bbnhrck', 'Raw honey'),
('Coffee', 2, 8, 'https://tinyurl.com/5bbnhrck', 'Black coffee'),
('Tea', 1, 8, 'https://tinyurl.com/5bbnhrck', 'Green tea'),
('Basil', 23, 9, 'https://tinyurl.com/5bbnhrck', 'Fresh basil leaves'),
('Cinnamon', 247, 9, 'https://tinyurl.com/5bbnhrck', 'Ground cinnamon'),
('Garlic', 149, 9, 'https://tinyurl.com/5bbnhrck', 'Fresh garlic'),
('Black Pepper', 251, 9, 'https://tinyurl.com/5bbnhrck', 'Ground black pepper'),
('Butter', 717, 10, 'https://tinyurl.com/5bbnhrck', 'Unsalted butter'),
('Margarine', 717, 10, 'https://tinyurl.com/5bbnhrck', 'Vegetable margarine'),
('Tuna', 132, 11, 'https://tinyurl.com/5bbnhrck', 'Canned tuna in water'),
('Shrimp', 99, 11, 'https://tinyurl.com/5bbnhrck', 'Raw shrimp'),
('Crab', 83, 11, 'https://tinyurl.com/5bbnhrck', 'Cooked crab meat'),
('Lentils', 116, 12, 'https://tinyurl.com/5bbnhrck', 'Cooked lentils'),
('Chickpeas', 164, 12, 'https://tinyurl.com/5bbnhrck', 'Canned chickpeas'),
('Black Beans', 132, 12, 'https://tinyurl.com/5bbnhrck', 'Cooked black beans'),
('Pinto Beans', 143, 12, 'https://tinyurl.com/5bbnhrck', 'Cooked pinto beans'),
('Quinoa', 120, 1, 'https://tinyurl.com/5bbnhrck', 'Cooked quinoa'),
('Rye Flour', 334, 1, 'https://tinyurl.com/5bbnhrck', 'Whole rye flour'),
('Bulgur', 342, 1, 'https://tinyurl.com/5bbnhrck', 'Cooked bulgur'),
('Sweet Potato', 86, 2, 'https://tinyurl.com/5bbnhrck', 'Raw sweet potato'),
('Peas', 81, 2, 'https://tinyurl.com/5bbnhrck', 'Frozen peas'),
('Eggplant', 25, 2, 'https://tinyurl.com/5bbnhrck', 'Raw eggplant'),
('Bell Pepper', 20, 2, 'https://tinyurl.com/5bbnhrck', 'Fresh bell pepper'),
('Blueberry', 57, 3, 'https://tinyurl.com/5bbnhrck', 'Fresh blueberries'),
('Grapes', 69, 3, 'https://tinyurl.com/5bbnhrck', 'Fresh grapes'),
('Pineapple', 50, 3, 'https://tinyurl.com/5bbnhrck', 'Fresh pineapple'),
('Papaya', 43, 3, 'https://tinyurl.com/5bbnhrck', 'Fresh papaya'),
('Butter', 717, 10, 'https://tinyurl.com/5bbnhrck', 'Unsalted butter'),
('Greek Yogurt', 59, 4, 'https://tinyurl.com/5bbnhrck', 'Plain Greek yogurt'),
('Cottage Cheese', 98, 4, 'https://tinyurl.com/5bbnhrck', 'Low-fat cottage cheese'),
('Tofu', 76, 5, 'https://tinyurl.com/5bbnhrck', 'Firm tofu'),
('Pork', 242, 5, 'https://tinyurl.com/5bbnhrck', 'Pork loin'),
('Turkey', 189, 5, 'https://tinyurl.com/5bbnhrck', 'Turkey breast'),
('Cashews', 553, 5, 'https://tinyurl.com/5bbnhrck', 'Raw cashews'),
('Avocado Oil', 884, 6, 'https://tinyurl.com/5bbnhrck', 'Cold-pressed avocado oil'),
('Walnut Oil', 884, 6, 'https://tinyurl.com/5bbnhrck', 'Cold-pressed walnut oil'),
('Coconut Sugar', 375, 7, 'https://tinyurl.com/5bbnhrck', 'Organic coconut sugar'),
('Maple Syrup', 260, 7, 'https://tinyurl.com/5bbnhrck', 'Pure maple syrup'),
('Lemon Juice', 22, 8, 'https://tinyurl.com/5bbnhrck', 'Fresh lemon juice'),
('Herbal Tea', 1, 8, 'https://tinyurl.com/5bbnhrck', 'Chamomile tea'),
('Thyme', 101, 9, 'https://tinyurl.com/5bbnhrck', 'Dried thyme'),
('Turmeric', 354, 9, 'https://tinyurl.com/5bbnhrck', 'Ground turmeric'),
('Mint', 44, 9, 'https://tinyurl.com/5bbnhrck', 'Fresh mint leaves'),
('Ghee', 900, 10, 'https://tinyurl.com/5bbnhrck', 'Clarified butter'),
('Lard', 902, 10, 'https://tinyurl.com/5bbnhrck', 'Rendered pork fat'),
('Sardines', 208, 11, 'https://tinyurl.com/5bbnhrck', 'Canned sardines in oil'),
('Scallops', 111, 11, 'https://tinyurl.com/5bbnhrck', 'Fresh scallops'),
('Clams', 74, 11, 'https://tinyurl.com/5bbnhrck', 'Cooked clams'),
('Green Lentils', 116, 12, 'https://tinyurl.com/5bbnhrck', 'Cooked green lentils'),
('Kidney Beans', 127, 12, 'https://tinyurl.com/5bbnhrck', 'Cooked kidney beans'),
('Soybeans', 173, 12, 'https://tinyurl.com/5bbnhrck', 'Cooked soybeans'),
('Red Beans', 123, 12, 'https://tinyurl.com/5bbnhrck', 'Cooked red beans'),
('Couscous', 112, 1, 'https://tinyurl.com/5bbnhrck', 'Cooked couscous'),
('Amaranth', 371, 1, 'https://tinyurl.com/5bbnhrck', 'Raw amaranth grain'),
('Millet', 378, 1, 'https://tinyurl.com/5bbnhrck', 'Raw millet'),
('Collard Greens', 32, 2, 'https://tinyurl.com/5bbnhrck', 'Fresh collard greens'),
('Zucchini', 17, 2, 'https://tinyurl.com/5bbnhrck', 'Raw zucchini'),
('Kale', 35, 2, 'https://tinyurl.com/5bbnhrck', 'Fresh kale leaves'),
('Cauliflower', 25, 2, 'https://tinyurl.com/5bbnhrck', 'Raw cauliflower'),
('Raspberry', 52, 3, 'https://tinyurl.com/5bbnhrck', 'Fresh raspberries'),
('Watermelon', 30, 3, 'https://tinyurl.com/5bbnhrck', 'Fresh watermelon'),
('Kiwi', 61, 3, 'https://tinyurl.com/5bbnhrck', 'Fresh kiwi fruit'),
('Avocado', 160, 3, 'https://tinyurl.com/5bbnhrck', 'Ripe avocado'),
('Butter', 717, 10, 'https://tinyurl.com/5bbnhrck', 'Unsalted butter'),
('Ricotta Cheese', 174, 4, 'https://tinyurl.com/5bbnhrck', 'Ricotta cheese'),
('Parmesan Cheese', 431, 4, 'https://tinyurl.com/5bbnhrck', 'Parmesan cheese'),
('Seitan', 370, 5, 'https://tinyurl.com/5bbnhrck', 'Wheat gluten (seitan)'),
('Lamb', 294, 5, 'https://tinyurl.com/5bbnhrck', 'Lamb chops'),
('Venison', 158, 5, 'https://tinyurl.com/5bbnhrck', 'Venison steak'),
('Peanut Butter', 588, 5, 'https://tinyurl.com/5bbnhrck', 'Smooth peanut butter'),
('Pumpkin Seed Oil', 884, 6, 'https://tinyurl.com/5bbnhrck', 'Pumpkin seed oil'),
('Sesame Oil', 884, 6, 'https://tinyurl.com/5bbnhrck', 'Sesame oil'),
('Quinoa', 120, 1, 'https://tinyurl.com/5bbnhrck', 'Cooked quinoa'),
('Bulgur', 342, 1, 'https://tinyurl.com/5bbnhrck', 'Cooked bulgur'),
('Sweet Potato', 86, 2, 'https://tinyurl.com/5bbnhrck', 'Raw sweet potato'),
('Green Beans', 31, 2, 'https://tinyurl.com/5bbnhrck', 'Fresh green beans'),
('Asparagus', 20, 2, 'https://tinyurl.com/5bbnhrck', 'Fresh asparagus'),
('Cucumber', 16, 2, 'https://tinyurl.com/5bbnhrck', 'Fresh cucumber'),
('Peach', 39, 3, 'https://tinyurl.com/5bbnhrck', 'Fresh peach'),
('Pear', 57, 3, 'https://tinyurl.com/5bbnhrck', 'Fresh pear'),
('Grapefruit', 42, 3, 'https://tinyurl.com/5bbnhrck', 'Fresh grapefruit'),
('Plum', 46, 3, 'https://tinyurl.com/5bbnhrck', 'Fresh plum'),
('Cottage Cheese', 98, 4, 'https://tinyurl.com/5bbnhrck', 'Low-fat cottage cheese'),
('Ricotta Cheese', 174, 4, 'https://tinyurl.com/5bbnhrck', 'Ricotta cheese'),
('Parmesan Cheese', 431, 4, 'https://tinyurl.com/5bbnhrck', 'Parmesan cheese'),
('Tofu', 76, 5, 'https://tinyurl.com/5bbnhrck', 'Firm tofu'),
('Lamb', 294, 5, 'https://tinyurl.com/5bbnhrck', 'Lamb chops'),
('Venison', 158, 5, 'https://tinyurl.com/5bbnhrck', 'Venison steak'),
('Peanut Butter', 588, 5, 'https://tinyurl.com/5bbnhrck', 'Smooth peanut butter'),
('Avocado Oil', 884, 6, 'https://tinyurl.com/5bbnhrck', 'Cold-pressed avocado oil'),
('Sesame Oil', 884, 6, 'https://tinyurl.com/5bbnhrck', 'Sesame oil'),
('Pumpkin Seed Oil', 884, 6, 'https://tinyurl.com/5bbnhrck', 'Pumpkin seed oil'),
('Maple Syrup', 260, 7, 'https://tinyurl.com/5bbnhrck', 'Pure maple syrup'),
('Lemon Juice', 22, 8, 'https://tinyurl.com/5bbnhrck', 'Fresh lemon juice'),
('Herbal Tea', 1, 8, 'https://tinyurl.com/5bbnhrck', 'Chamomile tea'),
('Rosemary', 131, 9, 'https://tinyurl.com/5bbnhrck', 'Fresh rosemary'),
('Sage', 315, 9, 'https://tinyurl.com/5bbnhrck', 'Dried sage'),
('Cloves', 274, 9, 'https://tinyurl.com/5bbnhrck', 'Ground cloves'),
('Ghee', 900, 10, 'https://tinyurl.com/5bbnhrck', 'Clarified butter'),
('Lard', 902, 10, 'https://tinyurl.com/5bbnhrck', 'Rendered pork fat'),
('Sardines', 208, 11, 'https://tinyurl.com/5bbnhrck', 'Canned sardines in oil'),
('Scallops', 111, 11, 'https://tinyurl.com/5bbnhrck', 'Fresh scallops'),
('Clams', 74, 11, 'https://tinyurl.com/5bbnhrck', 'Cooked clams'),
('Green Lentils', 116, 12, 'https://tinyurl.com/5bbnhrck', 'Cooked green lentils'),
('Kidney Beans', 127, 12, 'https://tinyurl.com/5bbnhrck', 'Cooked kidney beans'),
('Soybeans', 173, 12, 'https://tinyurl.com/5bbnhrck', 'Cooked soybeans'),
('Red Beans', 123, 12, 'https://tinyurl.com/5bbnhrck', 'Cooked red beans'),
('Couscous', 112, 1, 'https://tinyurl.com/5bbnhrck', 'Cooked couscous'),
('Amaranth', 371, 1, 'https://tinyurl.com/5bbnhrck', 'Raw amaranth grain'),
('Millet', 378, 1, 'https://tinyurl.com/5bbnhrck', 'Raw millet'),
('Collard Greens', 32, 2, 'https://tinyurl.com/5bbnhrck', 'Fresh collard greens'),
('Zucchini', 17, 2, 'https://tinyurl.com/5bbnhrck', 'Raw zucchini'),
('Kale', 35, 2, 'https://tinyurl.com/5bbnhrck', 'Fresh kale leaves'),
('Cauliflower', 25, 2, 'https://tinyurl.com/5bbnhrck', 'Raw cauliflower'),
('Raspberry', 52, 3, 'https://tinyurl.com/5bbnhrck', 'Fresh raspberries'),
('Watermelon', 30, 3, 'https://tinyurl.com/5bbnhrck', 'Fresh watermelon'),
('Kiwi', 61, 3, 'https://tinyurl.com/5bbnhrck', 'Fresh kiwi fruit'),
('Avocado', 160, 3, 'https://tinyurl.com/5bbnhrck', 'Ripe avocado'),
('Brussels Sprouts', 43, 2, 'https://tinyurl.com/5bbnhrck', 'Fresh brussels sprouts'),
('Red Cabbage', 31, 2, 'https://tinyurl.com/5bbnhrck', 'Raw red cabbage'),
('Butternut Squash', 45, 2, 'https://tinyurl.com/5bbnhrck', 'Raw butternut squash'),
('Leek', 61, 2, 'https://tinyurl.com/5bbnhrck', 'Fresh leeks'),
('Radish', 16, 2, 'https://tinyurl.com/5bbnhrck', 'Raw radishes'),
('Unused ingredient 1', 1000, 13, 'https://tinyurl.com/5bbnhrck', 'it is not used'),
('Unused ingredient 2', 1000, 13, 'https://tinyurl.com/5bbnhrck', 'it is not used');



INSERT INTO recipe_ingredient (recipe_id, ingredient_id, amount, main_ingredient) VALUES
(1, 1, 200, TRUE),
(1, 5, 50, FALSE),
(1, 10, 100, FALSE),
(2, 3, 150, TRUE),
(2, 8, 20, FALSE),
(2, 12, 30, FALSE),
(3, 4, 200, TRUE),
(3, 6, 100, FALSE),
(3, 9, 150, FALSE),
(4, 7, 300, TRUE),
(4, 15, 50, FALSE),
(4, 20, 100, FALSE),
(5, 10, 200, TRUE),
(5, 25, 30, FALSE),
(5, 30, 50, FALSE),
(6, 11, 250, TRUE),
(6, 17, 70, FALSE),
(6, 23, 40, FALSE),
(7, 12, 300, TRUE),
(7, 13, 100, FALSE),
(7, 21, 50, FALSE),
(8, 14, 400, TRUE),
(8, 18, 30, FALSE),
(8, 22, 60, FALSE),
(9, 15, 150, TRUE),
(9, 16, 50, FALSE),
(9, 24, 100, FALSE),
(10, 19, 200, TRUE),
(10, 20, 60, FALSE),
(10, 29, 90, FALSE),
(11, 22, 250, TRUE),
(11, 26, 30, FALSE),
(11, 32, 70, FALSE),
(12, 23, 150, TRUE),
(12, 28, 50, FALSE),
(12, 33, 120, FALSE),
(13, 24, 200, TRUE),
(13, 31, 60, FALSE),
(13, 36, 100, FALSE),
(14, 25, 250, TRUE),
(14, 37, 80, FALSE),
(14, 38, 90, FALSE),
(15, 30, 200, TRUE),
(15, 32, 60, FALSE),
(15, 40, 150, FALSE),
(16, 35, 300, TRUE),
(16, 34, 70, FALSE),
(16, 42, 120, FALSE),
(17, 36, 250, TRUE),
(17, 39, 50, FALSE),
(17, 43, 80, FALSE),
(18, 41, 200, TRUE),
(18, 44, 60, FALSE),
(18, 45, 90, FALSE),
(19, 48, 250, TRUE),
(19, 46, 100, FALSE),
(19, 50, 60, FALSE),
(20, 49, 200, TRUE),
(20, 51, 70, FALSE),
(20, 52, 100, FALSE),
(21, 53, 250, TRUE),
(21, 55, 90, FALSE),
(21, 57, 80, FALSE),
(22, 56, 300, TRUE),
(22, 58, 40, FALSE),
(22, 59, 120, FALSE),
(23, 60, 250, TRUE),
(23, 61, 50, FALSE),
(23, 63, 70, FALSE),
(24, 62, 200, TRUE),
(24, 65, 60, FALSE),
(24, 64, 90, FALSE),
(25, 66, 150, TRUE),
(25, 68, 70, FALSE),
(25, 70, 100, FALSE),
(26, 67, 200, TRUE),
(26, 71, 80, FALSE),
(26, 73, 90, FALSE),
(27, 74, 300, TRUE),
(27, 72, 60, FALSE),
(27, 75, 50, FALSE),
(28, 76, 250, TRUE),
(28, 78, 90, FALSE),
(28, 77, 80, FALSE),
(29, 79, 150, TRUE),
(29, 81, 70, FALSE),
(29, 83, 60, FALSE),
(30, 82, 200, TRUE),
(30, 85, 100, FALSE),
(30, 87, 90, FALSE),
(31, 84, 250, TRUE),
(31, 88, 70, FALSE),
(31, 89, 50, FALSE),
(32, 86, 300, TRUE),
(32, 90, 60, FALSE),
(32, 92, 40, FALSE),
(33, 93, 200, TRUE),
(33, 91, 100, FALSE),
(33, 94, 60, FALSE),
(34, 95, 250, TRUE),
(34, 97, 70, FALSE),
(34, 98, 80, FALSE),
(35, 96, 150, TRUE),
(35, 99, 90, FALSE),
(35, 100, 50, FALSE),
(36, 101, 200, TRUE),
(36, 102, 70, FALSE),
(36, 103, 60, FALSE),
(37, 105, 150, TRUE),
(37, 106, 80, FALSE),
(37, 108, 100, FALSE),
(38, 104, 300, TRUE),
(38, 107, 60, FALSE),
(38, 109, 50, FALSE),
(39, 110, 200, TRUE),
(39, 111, 70, FALSE),
(39, 112, 60, FALSE),
(40, 113, 250, TRUE),
(40, 114, 90, FALSE),
(40, 115, 100, FALSE),
(41, 116, 150, TRUE),
(41, 118, 60, FALSE),
(41, 117, 80, FALSE),
(42, 119, 200, TRUE),
(42, 120, 70, FALSE),
(42, 121, 60, FALSE),
(43, 123, 300, TRUE),
(43, 122, 40, FALSE),
(43, 124, 80, FALSE),
(44, 125, 150, TRUE),
(44, 126, 100, FALSE),
(44, 127, 60, FALSE),
(45, 128, 200, TRUE),
(45, 130, 70, FALSE),
(45, 129, 90, FALSE),
(46, 132, 250, TRUE),
(46, 131, 60, FALSE),
(46, 133, 50, FALSE),
(47, 135, 200, TRUE),
(47, 134, 70, FALSE),
(47, 137, 80, FALSE),
(48, 136, 150, TRUE),
(48, 138, 90, FALSE),
(48, 139, 60, FALSE),
(49, 140, 200, TRUE),
(49, 142, 70, FALSE),
(49, 141, 100, FALSE),
(50, 143, 250, TRUE),
(50, 145, 80, FALSE),
(50, 144, 60, FALSE),
(51, 146, 150, TRUE),
(51, 148, 100, FALSE),
(51, 147, 50, FALSE),
(52, 149, 300, TRUE),
(52, 150, 40, FALSE),
(52, 1, 60, FALSE),
(53, 2, 200, TRUE),
(53, 3, 70, FALSE),
(53, 4, 80, FALSE),
(54, 5, 150, TRUE),
(54, 6, 60, FALSE),
(54, 7, 90, FALSE),
(55, 8, 200, TRUE),
(55, 9, 100, FALSE),
(55, 10, 50, FALSE),
(56, 11, 250, TRUE),
(56, 12, 40, FALSE),
(56, 13, 60, FALSE),
(57, 14, 200, TRUE),
(57, 15, 70, FALSE),
(57, 16, 80, FALSE),
(58, 17, 150, TRUE),
(58, 18, 60, FALSE),
(58, 19, 90, FALSE),
(59, 20, 200, TRUE),
(59, 21, 70, FALSE),
(59, 22, 100, FALSE),
(60, 23, 250, TRUE),
(60, 24, 40, FALSE),
(60, 25, 80, FALSE),
(61, 26, 150, TRUE),
(61, 27, 60, FALSE),
(61, 28, 50, FALSE),
(62, 29, 200, TRUE),
(62, 30, 90, FALSE),
(62, 31, 100, FALSE),
(63, 32, 250, TRUE),
(63, 33, 70, FALSE),
(63, 34, 60, FALSE),
(64, 35, 200, TRUE),
(64, 36, 80, FALSE),
(64, 37, 50, FALSE),
(65, 38, 150, TRUE),
(65, 39, 100, FALSE),
(65, 40, 90, FALSE),
(66, 41, 200, TRUE),
(66, 42, 70, FALSE),
(66, 43, 60, FALSE),
(67, 44, 250, TRUE),
(67, 45, 80, FALSE),
(67, 46, 50, FALSE),
(68, 47, 150, TRUE),
(68, 48, 90, FALSE),
(68, 49, 100, FALSE),
(69, 50, 200, TRUE),
(69, 51, 70, FALSE),
(69, 52, 60, FALSE),
(69,154,1,FALSE),
(69,155,1,FALSE),
(1, 11, 200, FALSE),
(1, 25, 100, FALSE),
(2, 13, 150, FALSE),
(2, 27, 75, FALSE),
(3, 14, 200, FALSE),
(3, 30, 50, FALSE),
(4, 18, 250, FALSE),
(4, 34, 90, FALSE),
(5, 22, 100, FALSE),
(5, 35, 60, FALSE),
(6, 24, 120, FALSE),
(6, 38, 70, FALSE),
(7, 26, 180, FALSE),
(7, 40, 80, FALSE),
(8, 28, 200, FALSE),
(8, 42, 90, FALSE),
(9, 31, 140, FALSE),
(9, 44, 70, FALSE),
(10, 33, 180, FALSE),
(10, 46, 50, FALSE),
(11, 36, 200, FALSE),
(11, 47, 90, FALSE),
(12, 39, 220, FALSE),
(12, 48, 60, FALSE),
(13, 41, 150, FALSE),
(13, 50, 70, FALSE),
(14, 43, 200, FALSE),
(14, 52, 80, FALSE),
(15, 45, 250, FALSE),
(15, 53, 100, FALSE),
(16, 49, 180, FALSE),
(16, 55, 90, FALSE),
(17, 51, 220, FALSE),
(17, 57, 60, FALSE),
(18, 54, 150, FALSE),
(18, 59, 70, FALSE),
(19, 56, 200, FALSE),
(19, 60, 50, FALSE),
(20, 58, 250, FALSE),
(20, 61, 90, FALSE),
(21, 62, 200, FALSE),
(21, 64, 70, FALSE),
(22, 63, 220, FALSE),
(22, 65, 80, FALSE),
(23, 66, 150, FALSE),
(23, 67, 60, FALSE),
(24, 68, 180, FALSE),
(24, 70, 90, FALSE),
(25, 69, 200, FALSE),
(25, 72, 50, FALSE);


INSERT INTO nutrition (recipe_id, calories_per_serving, carbs_per_servning, fat_per_serving, protein_per_serving) VALUES
(1, 1, 20.00, 10.00, 5.00),
(2, 1, 25.00, 12.00, 6.00),
(3, 1, 30.00, 14.00, 7.00),
(4, 1, 22.00, 11.00, 5.50),
(5, 1, 28.00, 13.00, 6.50),
(6, 1, 24.00, 12.50, 6.00),
(7, 1, 26.00, 13.50, 7.00),
(8, 1, 32.00, 15.00, 8.00),
(9, 1, 29.00, 14.50, 7.50),
(10, 1, 23.00, 11.50, 5.75),
(11, 1, 27.00, 13.00, 6.25),
(12, 1, 31.00, 15.50, 7.75),
(13, 1, 33.00, 16.00, 8.25),
(14, 1, 21.00, 10.50, 5.25),
(15, 1, 25.00, 12.00, 6.00),
(16, 1, 34.00, 16.50, 8.50),
(17, 1, 29.00, 14.50, 7.25),
(18, 1, 22.00, 11.00, 5.50),
(19, 1, 27.00, 13.50, 6.75),
(20, 1, 31.00, 15.50, 7.75),
(21, 1, 28.00, 14.00, 7.00),
(22, 1, 26.00, 13.00, 6.50),
(23, 1, 24.00, 12.00, 6.00),
(24, 1, 30.00, 15.00, 7.50),
(25, 1, 32.00, 16.00, 8.00),
(26, 1, 21.00, 10.50, 5.25),
(27, 1, 27.00, 13.50, 6.75),
(28, 1, 23.00, 11.50, 5.75),
(29, 1, 34.00, 16.50, 8.25),
(30, 1, 22.00, 11.00, 5.50),
(31, 1, 28.00, 14.00, 7.00),
(32, 1, 33.00, 16.50, 8.25),
(33, 1, 24.00, 12.00, 6.00),
(34, 1, 29.00, 14.50, 7.25),
(35, 1, 21.00, 10.50, 5.25),
(36, 1, 25.00, 12.50, 6.25),
(37, 1, 32.00, 16.00, 8.00),
(38, 1, 27.00, 13.50, 6.75),
(39, 1, 30.00, 15.00, 7.50),
(40, 1, 23.00, 11.50, 5.75),
(41, 1, 31.00, 15.50, 7.75),
(42, 1, 25.00, 12.00, 6.00),
(43, 1, 34.00, 17.00, 8.50),
(44, 1, 29.00, 14.50, 7.25),
(45, 1, 26.00, 13.00, 6.50),
(46, 1, 33.00, 16.50, 8.25),
(47, 1, 24.00, 12.00, 6.00),
(48, 1, 27.00, 13.50, 6.75),
(49, 1, 32.00, 16.00, 8.00),
(50, 1, 21.00, 10.50, 5.25),
(51, 1, 30.00, 15.00, 7.50),
(52, 1, 23.00, 11.50, 5.75),
(53, 1, 34.00, 16.50, 8.50),
(54, 1, 28.00, 14.00, 7.00),
(55, 1, 31.00, 15.50, 7.75),
(56, 1, 24.00, 12.00, 6.00),
(57, 1, 26.00, 13.00, 6.50),
(58, 1, 33.00, 16.50, 8.25),
(59, 1, 29.00, 14.50, 7.25),
(60, 1, 21.00, 10.50, 5.25),
(61, 1, 27.00, 13.50, 6.75),
(62, 1, 30.00, 15.00, 7.50),
(63, 1, 32.00, 16.00, 8.00),
(64, 1, 22.00, 11.00, 5.50),
(65, 1, 31.00, 15.50, 7.75),
(66, 1, 34.00, 17.00, 8.50),
(67, 1, 25.00, 12.50, 6.25),
(68, 1, 28.00, 14.00, 7.00),
(69, 1, 26.00, 13.00, 6.50);



INSERT INTO cook (first_name, last_name, birth, age, phone, years_of_experience, class, image, caption) VALUES
('John', 'Doe', '1985-04-23', 39, '555-1234', 15, 'chef', 'https://tinyurl.com/bnezr75t', 'Expert in French cuisine'),
('Jane', 'Smith', '1990-11-15', 33, '555-5678', 10, 'A', 'https://tinyurl.com/bnezr75t', 'Specializes in vegan dishes'),
('Michael', 'Brown', '1982-02-10', 42, '555-9101', 18, 'chef assistant', 'https://tinyurl.com/bnezr75t', 'Expert in Italian cuisine'),
('Emily', 'Johnson', '1978-06-30', 45, '555-1122', 20, 'B', 'https://tinyurl.com/bnezr75t', 'Pastry chef extraordinaire'),
('Matthew', 'Williams', '1987-09-12', 36, '555-1314', 12, 'C', 'https://tinyurl.com/bnezr75t', 'Grill master'),
('Jessica', 'Jones', '1992-01-25', 32, '555-1516', 8, 'chef', 'https://tinyurl.com/bnezr75t', 'Creative sushi chef'),
('David', 'Garcia', '1983-03-17', 41, '555-1718', 17, 'A', 'https://tinyurl.com/bnezr75t', 'Mexican cuisine specialist'),
('Sophia', 'Martinez', '1986-05-22', 38, '555-1920', 14, 'B', 'https://tinyurl.com/bnezr75t', 'Expert in seafood dishes'),
('James', 'Rodriguez', '1995-08-03', 29, '555-2122', 5, 'C', 'https://tinyurl.com/bnezr75t', 'Quick lunch specialist'),
('Olivia', 'Hernandez', '1989-10-27', 34, '555-2324', 11, 'chef', 'https://tinyurl.com/bnezr75t', 'Known for innovative salads'),
('Daniel', 'Lopez', '1984-12-11', 39, '555-2526', 15, 'A', 'https://tinyurl.com/bnezr75t', 'Master of BBQ'),
('Isabella', 'Gonzalez', '1991-07-19', 32, '555-2728', 9, 'B', 'https://tinyurl.com/bnezr75t', 'Cupcake and pastry chef'),
('Christopher', 'Wilson', '1980-04-04', 44, '555-2930', 20, 'chef assistant', 'https://tinyurl.com/bnezr75t', 'Traditional American cuisine'),
('Mia', 'Anderson', '1988-06-07', 35, '555-3132', 13, 'C', 'https://tinyurl.com/bnezr75t', 'Vegan dessert specialist'),
('Joseph', 'Thomas', '1981-09-23', 42, '555-3334', 18, 'chef', 'https://tinyurl.com/bnezr75t', 'Asian fusion expert'),
('Ava', 'Taylor', '1993-11-06', 30, '555-3536', 7, 'A', 'https://tinyurl.com/bnezr75t', 'Healthy meal planner'),
('William', 'Moore', '1985-02-18', 39, '555-3738', 15, 'B', 'https://tinyurl.com/bnezr75t', 'Sauce specialist'),
('Emily', 'Jackson', '1987-05-21', 37, '555-3940', 12, 'chef assistant', 'https://tinyurl.com/bnezr75t', 'Gourmet sandwich artist'),
('Liam', 'White', '1984-08-14', 39, '555-4142', 15, 'C', 'https://tinyurl.com/bnezr75t', 'Steak and meat specialist'),
('Evelyn', 'Harris', '1989-12-30', 34, '555-4344', 11, 'chef', 'https://tinyurl.com/bnezr75t', 'Exquisite dessert creator'),
('Benjamin', 'Martin', '1982-01-03', 42, '555-4546', 18, 'A', 'https://tinyurl.com/bnezr75t', 'Wine pairing expert'),
('Charlotte', 'Thompson', '1990-03-11', 34, '555-4748', 10, 'B', 'https://tinyurl.com/bnezr75t', 'Artisan bread baker'),
('Henry', 'Martinez', '1979-07-25', 44, '555-4950', 20, 'chef assistant', 'https://tinyurl.com/bnezr75t', 'Comfort food specialist'),
('Amelia', 'Garcia', '1986-09-29', 37, '555-5152', 14, 'C', 'https://tinyurl.com/bnezr75t', 'Pasta expert'),
('Alexander', 'Martinez', '1992-11-20', 31, '555-5354', 9, 'chef', 'https://tinyurl.com/bnezr75t', 'Gluten-free cooking'),
('Sophia', 'Martinez', '1985-01-01', 39, '555-5556', 15, 'A', 'https://tinyurl.com/bnezr75t', 'Exotic spice master'),
('James', 'Martinez', '1983-03-03', 41, '555-5758', 17, 'B', 'https://tinyurl.com/bnezr75t', 'French pastry chef'),
('Isabella', 'Martinez', '1986-05-05', 38, '555-5950', 14, 'chef assistant', 'https://tinyurl.com/bnezr75t', 'Seasonal cooking expert'),
('William', 'Martinez', '1988-07-07', 35, '555-6162', 12, 'C', 'https://tinyurl.com/bnezr75t', 'Gourmet pizza maker'),
('Mia', 'Martinez', '1990-09-09', 33, '555-6364', 10, 'chef', 'https://tinyurl.com/bnezr75t', 'Raw food expert'),
('Alexander', 'Martinez', '1992-11-11', 31, '555-6566', 8, 'A', 'https://tinyurl.com/bnezr75t', 'Brunch specialist'),
('Henry', 'Martinez', '1981-01-13', 42, '555-6768', 19, 'B', 'https://tinyurl.com/bnezr75t', 'Comfort food chef'),
('Emily', 'Martinez', '1983-03-15', 41, '555-6970', 17, 'chef assistant', 'https://tinyurl.com/bnezr75t', 'Spicy food master'),
('Liam', 'Martinez', '1985-05-17', 38, '555-7172', 13, 'C', 'https://tinyurl.com/bnezr75t', 'Healthy meals expert'),
('Ava', 'Martinez', '1987-07-19', 36, '555-7374', 10, 'chef', 'https://tinyurl.com/bnezr75t', 'Modern fusion cuisine'),
('Sophia', 'Martinez', '1989-09-21', 34, '555-7576', 11, 'A', 'https://tinyurl.com/bnezr75t', 'Seasonal cooking'),
('Benjamin', 'Martinez', '1982-11-23', 41, '555-7778', 18, 'B', 'https://tinyurl.com/bnezr75t', 'Fine dining expert'),
('Charlotte', 'Martinez', '1984-01-25', 39, '555-7970', 16, 'chef assistant', 'https://tinyurl.com/bnezr75t', 'Rustic Italian cooking'),
('Amelia', 'Martinez', '1986-03-27', 38, '555-8182', 14, 'C', 'https://tinyurl.com/bnezr75t', 'Artisan chocolatier'),
('Daniel', 'Martinez', '1988-05-29', 36, '555-8384', 12, 'chef', 'https://tinyurl.com/bnezr75t', 'Farm-to-table advocate'),
('Olivia', 'Martinez', '1990-07-31', 33, '555-8586', 9, 'A', 'https://tinyurl.com/bnezr75t', 'Street food enthusiast'),
('Michael', 'Martinez', '1992-09-02', 31, '555-8788', 7, 'B', 'https://tinyurl.com/bnezr75t', 'Food truck chef'),
('Jessica', 'Martinez', '1983-11-04', 41, '555-8980', 18, 'chef assistant', 'https://tinyurl.com/bnezr75t', 'Classic French cuisine'),
('David', 'Martinez', '1985-01-06', 39, '555-9192', 15, 'C', 'https://tinyurl.com/bnezr75t', 'Asian street food expert'),
('Sophia', 'Martinez', '1987-03-08', 37, '555-9294', 12, 'chef', 'https://tinyurl.com/bnezr75t', 'Fine dining pastry chef'),
('Liam', 'Martinez', '1989-05-10', 35, '555-9396', 11, 'A', 'https://tinyurl.com/bnezr75t', 'Casual dining expert'),
('Emily', 'Martinez', '1991-07-12', 32, '555-9498', 9, 'B', 'https://tinyurl.com/bnezr75t', 'Gastro pub chef'),
('Alexander', 'Martinez', '1993-09-14', 30, '555-9590', 8, 'chef assistant', 'https://tinyurl.com/bnezr75t', 'Homemade pasta specialist'),
('Isabella', 'Martinez', '1980-11-16', 43, '555-9692', 21, 'C', 'https://tinyurl.com/bnezr75t', 'Sustainable cuisine advocate'),
('Henry', 'Martinez', '1982-01-18', 42, '555-9794', 20, 'chef', 'https://tinyurl.com/bnezr75t', 'Fusion cuisine innovator'),
('Noah', 'Hall', '1981-04-12', 43, '555-1111', 20, 'chef', 'https://tinyurl.com/bnezr75t', 'Seafood expert'),
('Emma', 'Allen', '1993-06-20', 30, '555-2222', 7, 'B', 'https://tinyurl.com/bnezr75t', 'Dessert specialist'),
('Oliver', 'Young', '1985-09-15', 38, '555-3333', 15, 'A', 'https://tinyurl.com/bnezr75t', 'Specializes in Mediterranean cuisine'),
('Ava', 'King', '1988-01-10', 36, '555-4444', 12, 'chef assistant', 'https://tinyurl.com/bnezr75t', 'Creative appetizer designer'),
('William', 'Wright', '1990-03-05', 34, '555-5555', 10, 'C', 'https://tinyurl.com/bnezr75t', 'Innovative sushi chef'),
('Sophia', 'Scott', '1984-12-25', 39, '555-6666', 16, 'chef', 'https://tinyurl.com/bnezr75t', 'Expert in fusion cuisine'),
('James', 'Green', '1982-07-14', 41, '555-7777', 19, 'A', 'https://tinyurl.com/bnezr75t', 'BBQ and grilling master'),
('Amelia', 'Adams', '1992-11-21', 31, '555-8888', 8, 'B', 'https://tinyurl.com/bnezr75t', 'Healthy meal creator'),
('Mason', 'Baker', '1987-08-18', 36, '555-9999', 13, 'chef assistant', 'https://tinyurl.com/bnezr75t', 'Pastry chef'),
('Isabella', 'Nelson', '1986-05-02', 38, '555-1010', 14, 'C', 'https://tinyurl.com/bnezr75t', 'Vegan cuisine specialist'),
('Ethan', 'Carter', '1980-01-27', 44, '555-2020', 21, 'chef', 'https://tinyurl.com/bnezr75t', 'Master of Italian dishes'),
('Mia', 'Mitchell', '1991-02-13', 33, '555-3030', 10, 'A', 'https://tinyurl.com/bnezr75t', 'Creative salad designer'),
('Alexander', 'Perez', '1983-06-07', 41, '555-4040', 18, 'B', 'https://tinyurl.com/bnezr75t', 'Expert in regional dishes'),
('Charlotte', 'Roberts', '1989-12-19', 34, '555-5050', 11, 'chef assistant', 'https://tinyurl.com/bnezr75t', 'Exquisite pastry chef'),
('Henry', 'Turner', '1985-11-25', 38, '555-6060', 15, 'C', 'https://tinyurl.com/bnezr75t', 'Specializes in street food'),
('Evelyn', 'Phillips', '1992-04-09', 32, '555-7070', 8, 'chef', 'https://tinyurl.com/bnezr75t', 'Innovative vegetable dishes'),
('Daniel', 'Campbell', '1987-09-30', 36, '555-8080', 12, 'A', 'https://tinyurl.com/bnezr75t', 'Creative meat dishes'),
('Chloe', 'Parker', '1989-06-15', 34, '555-9090', 11, 'B', 'https://tinyurl.com/bnezr75t', 'Healthy and nutritious meals'),
('Luke', 'Evans', '1982-10-05', 41, '555-1112', 19, 'chef assistant', 'https://tinyurl.com/bnezr75t', 'Classic comfort food'),
('Avery', 'Edwards', '1990-08-22', 33, '555-1314', 10, 'C', 'https://tinyurl.com/bnezr75t', 'Gourmet fast food');



INSERT INTO cuisine_cook (cuisine_id, cook_id) VALUES
(1, 1), (2, 1), (3, 1), (4, 1),
(5, 2), (6, 2), (7, 2), (8, 2),
(1, 3), (9, 3), (10, 3), (11, 3),
(12, 4), (13, 4), (14, 4), (15, 4),
(16, 5), (17, 5), (18, 5), (19, 5),
(20, 6), (1, 6), (2, 6), (3, 6),
(4, 7), (5, 7), (6, 7), (7, 7),
(8, 8), (9, 8), (10, 8), (11, 8),
(12, 9), (13, 9), (14, 9), (15, 9),
(16, 10), (17, 10), (18, 10), (19, 10),
(20, 11), (1, 11), (2, 11), (3, 11),
(4, 12), (5, 12), (6, 12), (7, 12),
(8, 13), (9, 13), (10, 13), (11, 13),
(12, 14), (13, 14), (14, 14), (15, 14),
(16, 15), (17, 15), (18, 15), (19, 15),
(20, 16), (1, 16), (2, 16), (3, 16),
(4, 17), (5, 17), (6, 17), (7, 17),
(8, 18), (9, 18), (10, 18), (11, 18),
(12, 19), (13, 19), (14, 19), (15, 19),
(1, 20), (2, 20), (3, 20), (4, 20),
(5, 21), (6, 21), (7, 21), (8, 21),
(9, 22), (10, 22), (11, 22), (12, 22),
(13, 23), (14, 23), (15, 23), (16, 23),
(17, 24), (18, 24), (19, 24), (20, 24),
(1, 25), (2, 25), (3, 25), (4, 25),
(5, 26), (6, 26), (7, 26), (8, 26),
(9, 27), (10, 27), (11, 27), (12, 27),
(13, 28), (14, 28), (15, 28), (16, 28),
(17, 29), (18, 29), (19, 29), (20, 29),
(1, 30), (2, 30), (3, 30), (4, 30),
(5, 31), (6, 31), (7, 31), (8, 31),
(9, 32), (10, 32), (11, 32), (12, 32),
(13, 33), (14, 33), (15, 33), (16, 33),
(17, 34), (18, 34), (19, 34), (20, 34),
(1, 35), (2, 35), (3, 35), (4, 35),
(5, 36), (6, 36), (7, 36), (8, 36),
(9, 37), (10, 37), (11, 37), (12, 37),
(13, 38), (14, 38), (15, 38), (16, 38),
(17, 39), (18, 39), (19, 39), (20, 39),
(1, 40), (2, 40), (3, 40), (4, 40),
(5, 41), (6, 41), (7, 41), (8, 41),
(9, 42), (10, 42), (11, 42), (12, 42),
(13, 43), (14, 43), (15, 43), (16, 43),
(17, 44), (18, 44), (19, 44), (20, 44),
(1, 45), (2, 45), (3, 45), (4, 45),
(5, 46), (6, 46), (7, 46), (8, 46),
(9, 47), (10, 47), (11, 47), (12, 47),
(13, 48), (14, 48), (15, 48), (16, 48),
(17, 49), (18, 49), (19, 49), (20, 49),
(1, 50), (2, 50), (3, 50), (4, 50),
(5, 51), (6, 51), (7, 51), (8, 51),
(9, 52), (10, 52), (11, 52), (12, 52),
(13, 53), (14, 53), (15, 53), (16, 53),
(17, 54), (18, 54), (19, 54), (20, 54),
(1, 55), (2, 55), (3, 55), (4, 55),
(5, 56), (6, 56), (7, 56), (8, 56),
(9, 57), (10, 57), (11, 57), (12, 57),
(13, 58), (14, 58), (15, 58), (16, 58),
(17, 59), (18, 59), (19, 59), (20, 59),
(1, 60), (2, 60), (3, 60), (4, 60),
(5, 61), (6, 61), (7, 61), (8, 61),
(9, 62), (10, 62), (11, 62), (12, 62),
(13, 63), (14, 63), (15, 63), (16, 63),
(17, 64), (18, 64), (19, 64), (20, 64),
(1, 65), (2, 65), (3, 65), (4, 65),
(5, 66), (6, 66), (7, 66), (8, 66),
(9, 67), (10, 67), (11, 67), (12, 67),
(13, 68), (14, 68), (15, 68), (16, 68),
(17, 69), (18, 69), (19, 69), (20, 69),
(1, 70), (2, 70), (3, 70), (4, 70);

UPDATE recipe
SET difficulity = FLOOR(1 + RAND() * 5);


-- results of python script competition init, exported as sql so the  insert statement can be showcased
-- results of python script competition init, exported as sql so the  insert statement can be showcased
-- results of python script competition init, exported as sql so the  insert statement can be showcased
-- results of python script competition init, exported as sql so the  insert statement can be showcased
-- results of python script competition init, exported as sql so the  insert statement can be showcased
-- results of python script competition init, exported as sql so the  insert statement can be showcased


INSERT INTO `episode` (`episode_id`, `episode`, `year_filmed`) VALUES
(1, 1, 2024),
(2, 2, 2024),
(3, 3, 2024),
(4, 4, 2024),
(5, 5, 2024),
(6, 6, 2024),
(7, 7, 2024),
(8, 8, 2024),
(9, 9, 2024),
(10, 10, 2024),
(11, 1, 2025),
(12, 2, 2025),
(13, 3, 2025),
(14, 4, 2025),
(15, 5, 2025),
(16, 6, 2025),
(17, 7, 2025),
(18, 8, 2025),
(19, 9, 2025),
(20, 10, 2025),
(21, 1, 2026),
(22, 2, 2026),
(23, 3, 2026),
(24, 4, 2026),
(25, 5, 2026),
(26, 6, 2026),
(27, 7, 2026),
(28, 8, 2026),
(29, 9, 2026),
(30, 10, 2026),
(31, 1, 2027),
(32, 2, 2027),
(33, 3, 2027),
(34, 4, 2027),
(35, 5, 2027),
(36, 6, 2027),
(37, 7, 2027),
(38, 8, 2027),
(39, 9, 2027),
(40, 10, 2027),
(41, 1, 2028),
(42, 2, 2028),
(43, 3, 2028),
(44, 4, 2028),
(45, 5, 2028),
(46, 6, 2028),
(47, 7, 2028),
(48, 8, 2028),
(49, 9, 2028),
(50, 10, 2028),
(51, 1, 2029),
(52, 2, 2029),
(53, 3, 2029),
(54, 4, 2029),
(55, 5, 2029),
(56, 6, 2029),
(57, 7, 2029),
(58, 8, 2029),
(59, 9, 2029),
(60, 10, 2029),
(61, 1, 2030),
(62, 2, 2030),
(63, 3, 2030),
(64, 4, 2030),
(65, 5, 2030),
(66, 6, 2030),
(67, 7, 2030),
(68, 8, 2030),
(69, 9, 2030),
(70, 10, 2030),
(71, 1, 2031),
(72, 2, 2031),
(73, 3, 2031),
(74, 4, 2031),
(75, 5, 2031),
(76, 6, 2031),
(77, 7, 2031),
(78, 8, 2031),
(79, 9, 2031),
(80, 10, 2031),
(81, 1, 2032),
(82, 2, 2032),
(83, 3, 2032),
(84, 4, 2032),
(85, 5, 2032),
(86, 6, 2032),
(87, 7, 2032),
(88, 8, 2032),
(89, 9, 2032),
(90, 10, 2032),
(91, 1, 2033),
(92, 2, 2033),
(93, 3, 2033),
(94, 4, 2033),
(95, 5, 2033),
(96, 6, 2033),
(97, 7, 2033),
(98, 8, 2033),
(99, 9, 2033),
(100, 10, 2033);


INSERT INTO `episode_recipe_cook` (`episode_id`, `recipe_id`, `cook_id`, `cuisine_id`, `grade1`, `grade2`, `grade3`, `winner`) VALUES
(1, 1, 55, 1, 1, 4, 3, 0),
(1, 3, 40, 3, 1, 2, 5, 0),
(1, 5, 56, 5, 4, 1, 2, 0),
(1, 11, 18, 11, 5, 2, 5, 0),
(1, 12, 4, 12, 2, 2, 3, 0),
(1, 18, 5, 18, 4, 5, 2, 0),
(1, 26, 26, 7, 2, 1, 5, 0),
(1, 41, 15, 17, 1, 4, 1, 0),
(1, 52, 33, 13, 5, 4, 1, 0),
(1, 65, 61, 8, 2, 5, 1, 0),
(2, 1, 45, 1, 1, 3, 3, 0),
(2, 3, 16, 3, 2, 5, 3, 0),
(2, 8, 56, 8, 3, 1, 5, 0),
(2, 10, 62, 10, 1, 3, 3, 0),
(2, 12, 27, 12, 5, 4, 3, 0),
(2, 14, 48, 14, 5, 4, 2, 0),
(2, 16, 5, 16, 2, 1, 3, 0),
(2, 17, 39, 17, 1, 3, 5, 0),
(2, 18, 69, 18, 3, 3, 4, 0),
(2, 43, 66, 6, 4, 2, 5, 0),
(3, 9, 32, 9, 4, 1, 4, 0),
(3, 12, 22, 12, 2, 5, 2, 0),
(3, 16, 23, 16, 5, 4, 1, 0),
(3, 19, 49, 19, 1, 3, 1, 0),
(3, 26, 2, 7, 5, 1, 1, 0),
(3, 33, 56, 8, 4, 2, 3, 0),
(3, 37, 7, 5, 3, 5, 4, 0),
(3, 41, 59, 17, 5, 3, 4, 0),
(3, 48, 25, 4, 3, 3, 3, 0),
(3, 55, 9, 13, 3, 1, 1, 0),
(4, 7, 26, 7, 2, 5, 2, 0),
(4, 13, 28, 13, 2, 3, 2, 0),
(4, 15, 4, 15, 3, 1, 1, 0),
(4, 28, 22, 9, 1, 4, 4, 0),
(4, 36, 24, 18, 2, 1, 3, 0),
(4, 39, 33, 14, 3, 3, 3, 0),
(4, 48, 40, 4, 1, 3, 3, 0),
(4, 53, 32, 11, 4, 3, 5, 0),
(4, 61, 21, 6, 1, 1, 1, 0),
(4, 64, 65, 1, 5, 3, 5, 0),
(5, 12, 42, 12, 4, 5, 1, 0),
(5, 15, 28, 15, 1, 2, 2, 0),
(5, 16, 68, 16, 2, 1, 4, 0),
(5, 19, 69, 19, 1, 3, 4, 0),
(5, 23, 35, 3, 2, 1, 1, 0),
(5, 30, 16, 1, 3, 3, 4, 0),
(5, 33, 36, 8, 3, 3, 1, 0),
(5, 36, 34, 18, 3, 3, 1, 0),
(5, 52, 33, 13, 1, 3, 1, 0),
(5, 66, 31, 5, 3, 1, 1, 0),
(6, 3, 30, 3, 2, 2, 2, 0),
(6, 4, 1, 4, 3, 2, 3, 0),
(6, 8, 21, 8, 1, 4, 1, 0),
(6, 9, 18, 9, 2, 5, 1, 0),
(6, 14, 53, 14, 5, 4, 2, 0),
(6, 19, 69, 19, 3, 3, 4, 0),
(6, 21, 3, 1, 4, 1, 2, 0),
(6, 54, 37, 11, 1, 3, 3, 0),
(6, 56, 65, 2, 1, 3, 3, 0),
(6, 58, 36, 6, 3, 1, 4, 0),
(7, 5, 51, 5, 1, 5, 1, 0),
(7, 7, 2, 7, 3, 4, 2, 0),
(7, 10, 67, 10, 1, 1, 2, 0),
(7, 13, 14, 13, 4, 3, 4, 0),
(7, 15, 33, 15, 3, 4, 2, 0),
(7, 19, 29, 19, 2, 1, 3, 0),
(7, 24, 70, 4, 5, 2, 5, 0),
(7, 33, 21, 8, 5, 2, 1, 0),
(7, 34, 13, 9, 2, 2, 1, 0),
(7, 49, 5, 17, 2, 5, 5, 0),
(8, 15, 23, 15, 5, 3, 5, 0),
(8, 16, 5, 16, 4, 4, 3, 0),
(8, 18, 10, 18, 4, 5, 3, 0),
(8, 30, 30, 1, 2, 2, 1, 0),
(8, 46, 67, 9, 1, 3, 5, 0),
(8, 49, 34, 17, 1, 5, 2, 0),
(8, 50, 62, 11, 3, 4, 4, 0),
(8, 51, 26, 7, 4, 2, 2, 0),
(8, 57, 40, 3, 1, 2, 1, 0),
(8, 61, 2, 6, 3, 2, 1, 0),
(9, 16, 33, 16, 2, 5, 2, 0),
(9, 19, 34, 19, 5, 3, 4, 0),
(9, 22, 40, 2, 4, 5, 1, 0),
(9, 26, 66, 7, 3, 2, 5, 0),
(9, 31, 25, 3, 5, 1, 3, 0),
(9, 35, 44, 17, 3, 4, 3, 0),
(9, 36, 15, 18, 5, 4, 1, 0),
(9, 39, 28, 14, 4, 3, 4, 0),
(9, 67, 47, 11, 5, 3, 4, 0),
(9, 68, 26, 6, 5, 5, 1, 0),
(10, 2, 45, 2, 5, 3, 3, 0),
(10, 10, 42, 10, 3, 4, 4, 0),
(10, 14, 9, 14, 3, 4, 1, 0),
(10, 16, 38, 16, 2, 3, 2, 0),
(10, 19, 34, 19, 5, 2, 2, 0),
(10, 31, 60, 3, 3, 4, 5, 0),
(10, 36, 49, 18, 5, 2, 4, 0),
(10, 37, 12, 5, 4, 4, 3, 0),
(10, 48, 40, 4, 1, 2, 1, 0),
(10, 55, 48, 13, 3, 3, 3, 0),
(11, 1, 60, 1, 2, 3, 5, 0),
(11, 15, 68, 15, 1, 3, 5, 0),
(11, 19, 44, 19, 1, 2, 2, 0),
(11, 24, 30, 4, 1, 5, 3, 0),
(11, 39, 48, 14, 3, 5, 3, 0),
(11, 40, 42, 11, 5, 3, 4, 0),
(11, 41, 64, 17, 4, 3, 1, 0),
(11, 43, 21, 6, 4, 4, 1, 0),
(11, 55, 33, 13, 1, 5, 5, 0),
(11, 63, 11, 2, 2, 1, 1, 0),
(12, 4, 25, 4, 2, 2, 2, 0),
(12, 7, 31, 7, 2, 4, 3, 0),
(12, 11, 37, 11, 5, 3, 3, 0),
(12, 15, 43, 15, 5, 5, 4, 0),
(12, 16, 63, 16, 2, 4, 4, 0),
(12, 23, 50, 3, 5, 4, 5, 0),
(12, 41, 34, 17, 5, 2, 3, 0),
(12, 46, 22, 9, 4, 3, 3, 0),
(12, 55, 48, 13, 1, 4, 5, 0),
(12, 65, 13, 8, 1, 2, 3, 0),
(13, 8, 13, 8, 2, 4, 1, 0),
(13, 10, 47, 10, 3, 3, 4, 0),
(13, 17, 29, 17, 5, 4, 2, 0),
(13, 18, 10, 18, 3, 4, 3, 0),
(13, 21, 35, 1, 1, 1, 3, 0),
(13, 34, 37, 9, 1, 3, 5, 0),
(13, 39, 9, 14, 5, 2, 3, 0),
(13, 43, 2, 6, 3, 2, 4, 0),
(13, 47, 40, 3, 1, 2, 2, 0),
(13, 56, 16, 2, 2, 4, 1, 0),
(14, 4, 45, 4, 2, 4, 2, 0),
(14, 13, 4, 13, 3, 1, 5, 0),
(14, 16, 58, 16, 3, 3, 5, 0),
(14, 21, 50, 1, 3, 5, 2, 0),
(14, 27, 56, 8, 1, 5, 1, 0),
(14, 32, 26, 7, 2, 5, 4, 0),
(14, 39, 48, 14, 4, 1, 5, 0),
(14, 46, 57, 9, 1, 4, 4, 0),
(14, 56, 65, 2, 5, 1, 2, 0),
(14, 57, 60, 3, 2, 1, 2, 0),
(15, 7, 7, 7, 4, 4, 5, 0),
(15, 12, 32, 12, 5, 4, 4, 0),
(15, 13, 63, 13, 4, 2, 1, 0),
(15, 14, 48, 14, 1, 2, 2, 0),
(15, 15, 38, 15, 3, 2, 2, 0),
(15, 16, 58, 16, 2, 5, 1, 0),
(15, 18, 10, 18, 5, 1, 1, 0),
(15, 19, 54, 19, 2, 2, 4, 0),
(15, 29, 40, 2, 1, 3, 1, 0),
(15, 64, 55, 1, 2, 3, 3, 0),
(16, 3, 1, 3, 2, 2, 3, 0),
(16, 9, 27, 9, 3, 3, 2, 0),
(16, 10, 62, 10, 5, 2, 3, 0),
(16, 19, 5, 19, 2, 3, 4, 0),
(16, 48, 7, 4, 2, 4, 2, 0),
(16, 50, 18, 11, 1, 2, 1, 0),
(16, 60, 69, 17, 4, 5, 1, 0),
(16, 65, 61, 8, 5, 2, 5, 0),
(16, 66, 2, 5, 2, 5, 2, 0),
(16, 68, 17, 6, 4, 2, 1, 0),
(17, 10, 8, 10, 3, 5, 1, 0),
(17, 16, 33, 16, 2, 5, 5, 0),
(17, 31, 35, 3, 1, 5, 4, 0),
(17, 32, 2, 7, 5, 1, 3, 0),
(17, 41, 29, 17, 3, 3, 4, 0),
(17, 42, 21, 6, 4, 4, 4, 0),
(17, 52, 28, 13, 5, 5, 2, 0),
(17, 59, 62, 11, 1, 4, 1, 0),
(17, 62, 40, 4, 2, 3, 4, 0),
(17, 66, 51, 5, 1, 5, 4, 0),
(18, 3, 1, 3, 3, 4, 4, 0),
(18, 12, 32, 12, 5, 5, 2, 0),
(18, 14, 58, 14, 2, 3, 5, 0),
(18, 15, 48, 15, 5, 2, 2, 0),
(18, 16, 63, 16, 2, 1, 2, 0),
(18, 19, 49, 19, 3, 4, 1, 0),
(18, 25, 27, 11, 3, 3, 2, 0),
(18, 44, 6, 2, 3, 2, 4, 0),
(18, 51, 56, 7, 1, 2, 2, 0),
(18, 62, 12, 4, 5, 2, 5, 0),
(19, 7, 17, 7, 5, 2, 5, 0),
(19, 8, 13, 8, 2, 3, 5, 0),
(19, 10, 42, 10, 2, 4, 4, 0),
(19, 15, 23, 15, 2, 3, 4, 0),
(19, 19, 59, 19, 5, 2, 2, 0),
(19, 30, 35, 1, 1, 1, 2, 0),
(19, 35, 34, 17, 5, 2, 3, 0),
(19, 36, 24, 18, 1, 5, 4, 0),
(19, 55, 53, 13, 2, 2, 5, 0),
(19, 63, 30, 2, 5, 3, 2, 0),
(20, 3, 16, 3, 1, 5, 5, 0),
(20, 10, 37, 10, 5, 3, 4, 0),
(20, 12, 27, 12, 5, 3, 5, 0),
(20, 14, 43, 14, 5, 1, 2, 0),
(20, 16, 5, 16, 4, 3, 5, 0),
(20, 35, 34, 17, 4, 5, 2, 0),
(20, 52, 63, 13, 4, 4, 3, 0),
(20, 53, 22, 11, 4, 5, 4, 0),
(20, 64, 70, 1, 4, 1, 5, 0),
(20, 65, 46, 8, 5, 4, 5, 0),
(21, 5, 51, 5, 3, 4, 4, 0),
(21, 10, 8, 10, 3, 3, 3, 0),
(21, 12, 32, 12, 1, 4, 3, 0),
(21, 17, 64, 17, 2, 3, 5, 0),
(21, 18, 10, 18, 4, 5, 4, 0),
(21, 19, 59, 19, 5, 1, 3, 0),
(21, 28, 42, 9, 4, 4, 5, 0),
(21, 39, 23, 14, 2, 2, 4, 0),
(21, 51, 21, 7, 2, 3, 2, 0),
(21, 58, 2, 6, 1, 1, 1, 0),
(22, 12, 19, 12, 1, 3, 3, 0),
(22, 13, 9, 13, 5, 5, 4, 0),
(22, 15, 4, 15, 5, 1, 2, 0),
(22, 19, 29, 19, 1, 4, 3, 0),
(22, 24, 17, 4, 4, 5, 4, 0),
(22, 36, 34, 18, 1, 3, 3, 0),
(22, 39, 38, 14, 4, 5, 3, 0),
(22, 42, 12, 6, 2, 4, 1, 0),
(22, 45, 42, 11, 3, 1, 1, 0),
(22, 46, 62, 9, 4, 2, 4, 0),
(23, 10, 67, 10, 5, 5, 2, 0),
(23, 21, 65, 1, 2, 4, 5, 0),
(23, 27, 36, 8, 1, 5, 2, 0),
(23, 40, 52, 11, 1, 2, 2, 0),
(23, 42, 66, 6, 2, 4, 3, 0),
(23, 46, 13, 9, 5, 2, 4, 0),
(23, 49, 24, 17, 2, 5, 2, 0),
(23, 55, 63, 13, 4, 4, 3, 0),
(23, 57, 20, 3, 3, 4, 5, 0),
(23, 66, 12, 5, 5, 5, 4, 0),
(24, 1, 40, 1, 5, 5, 1, 0),
(24, 10, 3, 10, 5, 5, 2, 0),
(24, 15, 43, 15, 4, 3, 3, 0),
(24, 19, 54, 19, 3, 5, 5, 0),
(24, 33, 18, 8, 4, 2, 3, 0),
(24, 39, 33, 14, 3, 5, 1, 0),
(24, 49, 34, 17, 5, 4, 2, 0),
(24, 51, 61, 7, 1, 5, 4, 0),
(24, 52, 68, 13, 4, 1, 3, 0),
(24, 59, 57, 11, 3, 2, 5, 0),
(25, 10, 13, 10, 5, 3, 5, 0),
(25, 15, 9, 15, 1, 2, 4, 0),
(25, 18, 44, 18, 5, 4, 5, 0),
(25, 19, 54, 19, 3, 5, 1, 0),
(25, 22, 55, 2, 5, 1, 2, 0),
(25, 35, 24, 17, 3, 3, 2, 0),
(25, 46, 57, 9, 4, 5, 5, 0),
(25, 61, 66, 6, 5, 5, 1, 0),
(25, 62, 25, 4, 3, 5, 4, 0),
(25, 64, 11, 1, 2, 2, 4, 0),
(26, 14, 4, 14, 4, 2, 2, 0),
(26, 15, 63, 15, 3, 3, 4, 0),
(26, 16, 10, 16, 4, 5, 5, 0),
(26, 18, 34, 18, 4, 4, 1, 0),
(26, 22, 35, 2, 4, 2, 5, 0),
(26, 33, 36, 8, 3, 4, 5, 0),
(26, 34, 27, 9, 1, 1, 3, 0),
(26, 37, 51, 5, 4, 5, 3, 0),
(26, 42, 17, 6, 2, 5, 2, 0),
(26, 50, 47, 11, 1, 3, 5, 0),
(27, 4, 65, 4, 1, 5, 5, 0),
(27, 8, 18, 8, 4, 5, 1, 0),
(27, 16, 53, 16, 5, 3, 1, 0),
(27, 19, 29, 19, 1, 2, 5, 0),
(27, 39, 58, 14, 5, 2, 2, 0),
(27, 51, 7, 7, 2, 3, 5, 0),
(27, 56, 25, 2, 1, 3, 1, 0),
(27, 57, 1, 3, 1, 4, 1, 0),
(27, 58, 56, 6, 4, 3, 4, 0),
(27, 64, 60, 1, 3, 3, 1, 0),
(28, 13, 14, 13, 4, 2, 3, 0),
(28, 15, 43, 15, 3, 4, 5, 0),
(28, 19, 44, 19, 5, 1, 4, 0),
(28, 33, 8, 8, 5, 4, 1, 0),
(28, 39, 9, 14, 2, 5, 1, 0),
(28, 48, 70, 4, 1, 5, 1, 0),
(28, 51, 31, 7, 5, 1, 3, 0),
(28, 57, 20, 3, 3, 5, 3, 0),
(28, 59, 13, 11, 1, 4, 4, 0),
(28, 66, 66, 5, 1, 4, 3, 0),
(29, 12, 57, 12, 1, 1, 5, 0),
(29, 18, 10, 18, 1, 1, 3, 0),
(29, 19, 49, 19, 5, 1, 2, 0),
(29, 24, 20, 4, 3, 1, 5, 0),
(29, 34, 27, 9, 5, 4, 3, 0),
(29, 37, 56, 5, 3, 4, 2, 0),
(29, 41, 24, 17, 2, 4, 2, 0),
(29, 51, 36, 7, 1, 4, 4, 0),
(29, 56, 35, 2, 4, 5, 5, 0),
(29, 59, 47, 11, 5, 3, 1, 0),
(30, 1, 65, 1, 3, 5, 4, 0),
(30, 5, 66, 5, 1, 1, 3, 0),
(30, 10, 37, 10, 2, 2, 2, 0),
(30, 11, 67, 11, 2, 2, 1, 0),
(30, 12, 27, 12, 5, 3, 2, 0),
(30, 28, 22, 9, 5, 2, 3, 0),
(30, 36, 34, 18, 2, 3, 2, 0),
(30, 39, 9, 14, 3, 2, 5, 0),
(30, 42, 31, 6, 2, 5, 5, 0),
(30, 57, 16, 3, 3, 5, 3, 0),
(31, 10, 37, 10, 1, 4, 2, 0),
(31, 16, 43, 16, 1, 4, 3, 0),
(31, 18, 64, 18, 4, 5, 5, 0),
(31, 19, 44, 19, 1, 5, 2, 0),
(31, 34, 52, 9, 5, 5, 5, 0),
(31, 35, 34, 17, 2, 4, 2, 0),
(31, 39, 48, 14, 3, 5, 4, 0),
(31, 48, 17, 4, 1, 4, 3, 0),
(31, 63, 30, 2, 1, 3, 2, 0),
(31, 64, 11, 1, 2, 5, 4, 0),
(32, 5, 2, 5, 1, 2, 3, 0),
(32, 10, 37, 10, 4, 5, 2, 0),
(32, 17, 10, 17, 4, 5, 4, 0),
(32, 19, 44, 19, 3, 2, 2, 0),
(32, 22, 55, 2, 3, 5, 4, 0),
(32, 39, 19, 14, 5, 3, 4, 0),
(32, 52, 68, 13, 3, 5, 2, 0),
(32, 54, 13, 11, 1, 4, 4, 0),
(32, 57, 45, 3, 4, 2, 5, 0),
(32, 62, 65, 4, 1, 1, 5, 0),
(33, 3, 16, 3, 2, 2, 2, 0),
(33, 5, 2, 5, 5, 1, 2, 0),
(33, 12, 27, 12, 3, 3, 3, 0),
(33, 15, 38, 15, 1, 1, 2, 0),
(33, 17, 39, 17, 1, 4, 3, 0),
(33, 19, 64, 19, 5, 5, 5, 0),
(33, 28, 8, 9, 1, 4, 4, 0),
(33, 36, 5, 18, 2, 5, 5, 0),
(33, 55, 43, 13, 5, 1, 4, 0),
(33, 61, 12, 6, 4, 1, 3, 0),
(34, 10, 62, 10, 1, 1, 3, 0),
(34, 12, 47, 12, 1, 2, 2, 0),
(34, 15, 4, 15, 5, 4, 3, 0),
(34, 16, 15, 16, 3, 4, 1, 0),
(34, 18, 64, 18, 5, 5, 5, 0),
(34, 22, 55, 2, 2, 1, 5, 0),
(34, 37, 7, 5, 4, 1, 5, 0),
(34, 43, 26, 6, 4, 2, 1, 0),
(34, 46, 13, 9, 1, 1, 5, 0),
(34, 65, 46, 8, 3, 4, 1, 0),
(35, 1, 40, 1, 4, 1, 2, 0),
(35, 12, 9, 12, 3, 2, 2, 0),
(35, 15, 4, 15, 1, 1, 2, 0),
(35, 16, 28, 16, 5, 1, 5, 0),
(35, 26, 66, 7, 3, 5, 5, 0),
(35, 28, 67, 9, 2, 1, 1, 0),
(35, 33, 51, 8, 5, 4, 5, 0),
(35, 35, 15, 17, 3, 3, 4, 0),
(35, 48, 17, 4, 2, 5, 1, 0),
(35, 56, 55, 2, 5, 2, 1, 0),
(36, 4, 40, 4, 5, 2, 4, 0),
(36, 13, 14, 13, 2, 5, 1, 0),
(36, 18, 15, 18, 2, 3, 5, 0),
(36, 19, 10, 19, 1, 2, 2, 0),
(36, 32, 21, 7, 5, 3, 1, 0),
(36, 35, 44, 17, 1, 5, 1, 0),
(36, 44, 65, 2, 4, 3, 1, 0),
(36, 57, 30, 3, 3, 2, 4, 0),
(36, 65, 26, 8, 4, 5, 4, 0),
(36, 66, 17, 5, 2, 4, 2, 0),
(37, 4, 60, 4, 5, 5, 1, 0),
(37, 15, 9, 15, 5, 4, 3, 0),
(37, 16, 53, 16, 2, 5, 3, 0),
(37, 19, 44, 19, 4, 4, 2, 0),
(37, 30, 45, 1, 4, 5, 3, 0),
(37, 31, 16, 3, 4, 1, 1, 0),
(37, 39, 48, 14, 1, 1, 2, 0),
(37, 43, 31, 6, 3, 4, 1, 0),
(37, 46, 62, 9, 5, 5, 4, 0),
(37, 60, 10, 17, 5, 1, 4, 0),
(38, 12, 67, 12, 2, 5, 2, 0),
(38, 13, 58, 13, 5, 2, 4, 0),
(38, 14, 53, 14, 5, 1, 3, 0),
(38, 15, 48, 15, 5, 5, 5, 0),
(38, 16, 23, 16, 5, 2, 1, 0),
(38, 18, 29, 18, 2, 3, 4, 0),
(38, 19, 69, 19, 5, 5, 1, 0),
(38, 28, 62, 9, 1, 3, 4, 0),
(38, 31, 30, 3, 2, 2, 4, 0),
(38, 32, 7, 7, 3, 1, 3, 0),
(39, 10, 47, 10, 2, 4, 4, 0),
(39, 12, 14, 12, 3, 2, 3, 0),
(39, 15, 63, 15, 5, 4, 5, 0),
(39, 27, 56, 8, 1, 1, 3, 0),
(39, 34, 52, 9, 4, 1, 4, 0),
(39, 41, 34, 17, 5, 4, 4, 0),
(39, 52, 23, 13, 5, 4, 2, 0),
(39, 54, 32, 11, 4, 5, 1, 0),
(39, 56, 1, 2, 2, 2, 4, 0),
(39, 62, 7, 4, 1, 3, 1, 0),
(40, 1, 40, 1, 1, 1, 2, 0),
(40, 14, 68, 14, 1, 3, 3, 0),
(40, 19, 44, 19, 2, 4, 3, 0),
(40, 20, 45, 2, 5, 4, 3, 0),
(40, 24, 50, 4, 3, 4, 3, 0),
(40, 35, 34, 17, 5, 4, 4, 0),
(40, 36, 29, 18, 3, 3, 3, 0),
(40, 55, 43, 13, 1, 1, 2, 0),
(40, 61, 2, 6, 1, 4, 1, 0),
(40, 66, 46, 5, 5, 2, 2, 0),
(41, 12, 19, 12, 1, 5, 5, 0),
(41, 14, 9, 14, 1, 1, 4, 0),
(41, 19, 49, 19, 1, 5, 2, 0),
(41, 26, 56, 7, 2, 3, 1, 0),
(41, 28, 8, 9, 2, 5, 1, 0),
(41, 30, 11, 1, 2, 1, 1, 0),
(41, 37, 31, 5, 2, 3, 4, 0),
(41, 41, 29, 17, 4, 1, 5, 0),
(41, 45, 18, 11, 2, 5, 3, 0),
(41, 48, 55, 4, 5, 3, 5, 0),
(42, 1, 50, 1, 2, 2, 5, 0),
(42, 3, 1, 3, 2, 5, 5, 0),
(42, 12, 37, 12, 1, 4, 4, 0),
(42, 33, 66, 8, 1, 2, 1, 0),
(42, 34, 52, 9, 3, 3, 5, 0),
(42, 36, 10, 18, 1, 2, 5, 0),
(42, 39, 33, 14, 1, 3, 1, 0),
(42, 42, 36, 6, 3, 3, 2, 0),
(42, 52, 9, 13, 2, 2, 5, 0),
(42, 66, 7, 5, 5, 3, 5, 0),
(43, 8, 41, 8, 2, 3, 5, 0),
(43, 10, 62, 10, 5, 5, 2, 0),
(43, 19, 29, 19, 3, 5, 4, 0),
(43, 31, 60, 3, 4, 2, 4, 0),
(43, 35, 5, 17, 1, 3, 2, 0),
(43, 51, 61, 7, 5, 5, 3, 0),
(43, 55, 14, 13, 5, 1, 2, 0),
(43, 56, 40, 2, 2, 5, 3, 0),
(43, 61, 31, 6, 5, 2, 2, 0),
(43, 62, 70, 4, 1, 2, 3, 0),
(44, 5, 17, 5, 4, 5, 3, 0),
(44, 6, 41, 6, 2, 1, 1, 0),
(44, 12, 32, 12, 3, 4, 4, 0),
(44, 15, 14, 15, 4, 1, 1, 0),
(44, 16, 43, 16, 2, 3, 3, 0),
(44, 32, 56, 7, 3, 3, 4, 0),
(44, 35, 34, 17, 1, 2, 1, 0),
(44, 52, 23, 13, 2, 4, 5, 0),
(44, 54, 57, 11, 1, 4, 5, 0),
(44, 65, 46, 8, 5, 1, 1, 0),
(45, 7, 51, 7, 5, 4, 3, 0),
(45, 12, 9, 12, 3, 3, 4, 0),
(45, 15, 58, 15, 5, 1, 5, 0),
(45, 16, 10, 16, 3, 3, 1, 0),
(45, 19, 54, 19, 5, 3, 4, 0),
(45, 28, 8, 9, 4, 5, 3, 0),
(45, 30, 16, 1, 2, 2, 5, 0),
(45, 39, 68, 14, 1, 5, 1, 0),
(45, 44, 6, 2, 1, 5, 4, 0),
(45, 50, 62, 11, 4, 5, 1, 0),
(46, 3, 60, 3, 5, 3, 2, 0),
(46, 10, 27, 10, 3, 2, 4, 0),
(46, 15, 43, 15, 1, 3, 3, 0),
(46, 16, 48, 16, 3, 1, 2, 0),
(46, 19, 59, 19, 4, 4, 2, 0),
(46, 20, 20, 2, 1, 5, 5, 0),
(46, 24, 7, 4, 1, 1, 5, 0),
(46, 36, 34, 18, 4, 3, 2, 0),
(46, 39, 33, 14, 1, 5, 5, 0),
(46, 58, 26, 6, 2, 3, 3, 0),
(47, 1, 40, 1, 2, 4, 5, 0),
(47, 8, 51, 8, 4, 3, 4, 0),
(47, 10, 18, 10, 5, 3, 2, 0),
(47, 12, 4, 12, 4, 2, 2, 0),
(47, 24, 25, 4, 3, 2, 4, 0),
(47, 32, 2, 7, 5, 5, 3, 0),
(47, 36, 29, 18, 5, 1, 3, 0),
(47, 39, 28, 14, 5, 2, 1, 0),
(47, 44, 20, 2, 4, 2, 5, 0),
(47, 47, 30, 3, 5, 4, 2, 0),
(48, 6, 2, 6, 2, 5, 1, 0),
(48, 10, 27, 10, 1, 3, 5, 0),
(48, 13, 9, 13, 4, 2, 4, 0),
(48, 16, 10, 16, 1, 2, 4, 0),
(48, 18, 69, 18, 1, 5, 4, 0),
(48, 24, 1, 4, 3, 1, 3, 0),
(48, 26, 66, 7, 1, 3, 4, 0),
(48, 60, 24, 17, 1, 3, 5, 0),
(48, 64, 11, 1, 1, 3, 5, 0),
(48, 65, 18, 8, 3, 1, 5, 0),
(49, 3, 60, 3, 3, 3, 2, 0),
(49, 12, 52, 12, 2, 3, 1, 0),
(49, 16, 5, 16, 1, 4, 5, 0),
(49, 19, 54, 19, 3, 2, 5, 0),
(49, 34, 62, 9, 1, 2, 3, 0),
(49, 37, 26, 5, 3, 3, 3, 0),
(49, 51, 7, 7, 3, 2, 2, 0),
(49, 60, 39, 17, 1, 3, 2, 0),
(49, 61, 66, 6, 3, 3, 2, 0),
(49, 67, 8, 11, 3, 5, 4, 0),
(50, 2, 6, 2, 4, 3, 5, 0),
(50, 9, 8, 9, 5, 3, 5, 0),
(50, 10, 22, 10, 4, 2, 3, 0),
(50, 12, 47, 12, 4, 1, 5, 0),
(50, 14, 63, 14, 3, 5, 4, 0),
(50, 16, 33, 16, 4, 1, 5, 0),
(50, 19, 44, 19, 4, 4, 3, 0),
(50, 21, 25, 1, 4, 1, 1, 0),
(50, 27, 61, 8, 1, 2, 2, 0),
(50, 57, 16, 3, 2, 5, 2, 0),
(51, 1, 45, 1, 1, 3, 4, 0),
(51, 7, 46, 7, 5, 2, 2, 0),
(51, 12, 42, 12, 2, 1, 4, 0),
(51, 14, 58, 14, 2, 5, 1, 0),
(51, 20, 40, 2, 5, 5, 5, 0),
(51, 24, 25, 4, 1, 2, 2, 0),
(51, 35, 34, 17, 2, 4, 5, 0),
(51, 36, 44, 18, 5, 4, 4, 0),
(51, 37, 61, 5, 2, 5, 2, 0),
(51, 43, 21, 6, 4, 5, 1, 0),
(52, 8, 26, 8, 5, 1, 5, 0),
(52, 10, 13, 10, 5, 5, 3, 0),
(52, 13, 68, 13, 5, 2, 5, 0),
(52, 23, 35, 3, 3, 2, 2, 0),
(52, 26, 2, 7, 4, 5, 1, 0),
(52, 34, 3, 9, 4, 3, 2, 0),
(52, 37, 51, 5, 3, 5, 2, 0),
(52, 48, 40, 4, 4, 5, 4, 0),
(52, 49, 54, 17, 1, 3, 1, 0),
(52, 59, 62, 11, 5, 2, 3, 0),
(53, 3, 20, 3, 3, 3, 5, 0),
(53, 6, 61, 6, 5, 4, 5, 0),
(53, 10, 42, 10, 2, 3, 5, 0),
(53, 14, 68, 14, 4, 4, 3, 0),
(53, 15, 14, 15, 5, 5, 5, 0),
(53, 16, 28, 16, 4, 5, 3, 0),
(53, 17, 54, 17, 1, 2, 3, 0),
(53, 19, 10, 19, 3, 1, 5, 0),
(53, 22, 1, 2, 1, 5, 3, 0),
(53, 28, 37, 9, 4, 2, 1, 0),
(54, 4, 20, 4, 2, 5, 5, 0),
(54, 7, 56, 7, 3, 1, 4, 0),
(54, 8, 46, 8, 2, 4, 2, 0),
(54, 10, 32, 10, 4, 2, 2, 0),
(54, 12, 67, 12, 3, 3, 3, 0),
(54, 13, 48, 13, 5, 3, 3, 0),
(54, 16, 15, 16, 2, 3, 1, 0),
(54, 19, 5, 19, 2, 2, 5, 0),
(54, 21, 16, 1, 2, 5, 2, 0),
(54, 23, 40, 3, 5, 3, 3, 0),
(55, 13, 43, 13, 4, 3, 2, 0),
(55, 16, 58, 16, 2, 3, 1, 0),
(55, 20, 65, 2, 5, 2, 4, 0),
(55, 30, 6, 1, 1, 3, 2, 0),
(55, 34, 67, 9, 2, 1, 2, 0),
(55, 35, 59, 17, 2, 4, 5, 0),
(55, 39, 33, 14, 3, 1, 1, 0),
(55, 42, 51, 6, 4, 1, 1, 0),
(55, 51, 17, 7, 4, 4, 4, 0),
(55, 66, 66, 5, 1, 3, 3, 0),
(56, 1, 40, 1, 3, 5, 5, 0),
(56, 7, 61, 7, 3, 2, 5, 0),
(56, 12, 67, 12, 4, 5, 4, 0),
(56, 14, 28, 14, 4, 2, 3, 0),
(56, 18, 69, 18, 3, 4, 4, 0),
(56, 40, 62, 11, 4, 3, 5, 0),
(56, 44, 30, 2, 3, 5, 5, 0),
(56, 46, 37, 9, 1, 5, 3, 0),
(56, 47, 35, 3, 4, 1, 4, 0),
(56, 48, 1, 4, 5, 1, 2, 0),
(57, 3, 35, 3, 1, 4, 5, 0),
(57, 5, 51, 5, 5, 2, 5, 0),
(57, 6, 17, 6, 3, 3, 1, 0),
(57, 15, 48, 15, 3, 2, 3, 0),
(57, 18, 44, 18, 4, 2, 2, 0),
(57, 19, 34, 19, 4, 2, 4, 0),
(57, 33, 56, 8, 2, 1, 3, 0),
(57, 45, 27, 11, 3, 1, 3, 0),
(57, 46, 62, 9, 1, 5, 5, 0),
(57, 48, 55, 4, 2, 2, 3, 0),
(58, 14, 63, 14, 1, 4, 2, 0),
(58, 18, 44, 18, 3, 2, 3, 0),
(58, 19, 5, 19, 2, 4, 5, 0),
(58, 21, 70, 1, 2, 5, 3, 0),
(58, 24, 65, 4, 5, 4, 1, 0),
(58, 49, 69, 17, 5, 3, 2, 0),
(58, 51, 36, 7, 1, 2, 3, 0),
(58, 55, 19, 13, 5, 1, 3, 0),
(58, 57, 30, 3, 5, 5, 3, 0),
(58, 66, 56, 5, 3, 1, 3, 0),
(59, 6, 56, 6, 3, 1, 1, 0),
(59, 10, 37, 10, 4, 2, 1, 0),
(59, 12, 42, 12, 4, 3, 4, 0),
(59, 15, 9, 15, 3, 1, 5, 0),
(59, 16, 33, 16, 2, 1, 2, 0),
(59, 32, 61, 7, 4, 2, 2, 0),
(59, 46, 22, 9, 5, 2, 1, 0),
(59, 55, 43, 13, 2, 5, 1, 0),
(59, 63, 45, 2, 5, 4, 1, 0),
(59, 67, 52, 11, 2, 3, 2, 0),
(60, 4, 12, 4, 4, 2, 4, 0),
(60, 5, 46, 5, 1, 1, 2, 0),
(60, 10, 8, 10, 2, 5, 5, 0),
(60, 15, 19, 15, 1, 2, 4, 0),
(60, 16, 38, 16, 2, 4, 2, 0),
(60, 28, 62, 9, 4, 3, 2, 0),
(60, 31, 16, 3, 1, 1, 2, 0),
(60, 32, 51, 7, 4, 4, 3, 0),
(60, 33, 66, 8, 4, 1, 1, 0),
(60, 36, 39, 18, 2, 2, 3, 0),
(61, 12, 22, 12, 3, 1, 2, 0),
(61, 13, 14, 13, 1, 3, 5, 0),
(61, 15, 4, 15, 2, 4, 4, 0),
(61, 16, 10, 16, 3, 5, 2, 0),
(61, 18, 64, 18, 4, 3, 1, 0),
(61, 19, 15, 19, 4, 1, 5, 0),
(61, 37, 26, 5, 2, 1, 4, 0),
(61, 48, 20, 4, 3, 3, 1, 0),
(61, 57, 6, 3, 4, 4, 3, 0),
(61, 65, 36, 8, 2, 5, 1, 0),
(62, 5, 2, 5, 2, 5, 4, 0),
(62, 10, 67, 10, 1, 3, 3, 0),
(62, 12, 47, 12, 3, 5, 1, 0),
(62, 17, 54, 17, 2, 4, 1, 0),
(62, 30, 25, 1, 5, 2, 5, 0),
(62, 36, 15, 18, 1, 1, 2, 0),
(62, 45, 22, 11, 1, 1, 3, 0),
(62, 52, 33, 13, 2, 4, 1, 0),
(62, 61, 36, 6, 2, 2, 2, 0),
(62, 63, 55, 2, 1, 3, 1, 0),
(63, 1, 55, 1, 4, 5, 1, 0),
(63, 4, 60, 4, 2, 4, 5, 0),
(63, 10, 52, 10, 2, 2, 3, 0),
(63, 12, 14, 12, 4, 4, 2, 0),
(63, 15, 9, 15, 4, 3, 2, 0),
(63, 17, 24, 17, 2, 2, 4, 0),
(63, 32, 31, 7, 5, 2, 3, 0),
(63, 34, 8, 9, 4, 4, 1, 0),
(63, 57, 20, 3, 2, 2, 4, 0),
(63, 59, 3, 11, 5, 5, 3, 0),
(64, 10, 67, 10, 5, 4, 4, 0),
(64, 14, 33, 14, 4, 5, 1, 0),
(64, 15, 9, 15, 1, 3, 5, 0),
(64, 24, 45, 4, 1, 3, 1, 0),
(64, 33, 2, 8, 5, 4, 5, 0),
(64, 37, 41, 5, 5, 1, 4, 0),
(64, 41, 5, 17, 5, 4, 4, 0),
(64, 42, 21, 6, 3, 3, 5, 0),
(64, 47, 55, 3, 4, 1, 1, 0),
(64, 56, 16, 2, 5, 1, 1, 0),
(65, 6, 17, 6, 4, 5, 1, 0),
(65, 13, 4, 13, 5, 4, 2, 0),
(65, 15, 53, 15, 5, 4, 4, 0),
(65, 16, 48, 16, 5, 1, 4, 0),
(65, 18, 15, 18, 4, 5, 4, 0),
(65, 19, 29, 19, 3, 1, 3, 0),
(65, 21, 60, 1, 4, 3, 5, 0),
(65, 46, 27, 9, 3, 4, 3, 0),
(65, 57, 40, 3, 2, 4, 5, 0),
(65, 63, 16, 2, 2, 2, 2, 0),
(66, 4, 12, 4, 3, 2, 4, 0),
(66, 5, 17, 5, 3, 1, 2, 0),
(66, 8, 8, 8, 5, 3, 1, 0),
(66, 12, 52, 12, 5, 1, 4, 0),
(66, 16, 5, 16, 1, 5, 1, 0),
(66, 19, 29, 19, 5, 3, 2, 0),
(66, 42, 41, 6, 4, 2, 4, 0),
(66, 44, 60, 2, 2, 3, 5, 0),
(66, 46, 22, 9, 1, 1, 1, 0),
(66, 59, 3, 11, 5, 2, 2, 0),
(67, 10, 42, 10, 1, 1, 3, 0),
(67, 12, 9, 12, 2, 1, 1, 0),
(67, 15, 19, 15, 1, 3, 4, 0),
(67, 16, 33, 16, 2, 5, 2, 0),
(67, 23, 16, 3, 2, 1, 3, 0),
(67, 28, 57, 9, 1, 2, 2, 0),
(67, 33, 18, 8, 4, 4, 4, 0),
(67, 38, 62, 11, 3, 4, 5, 0),
(67, 39, 4, 14, 4, 2, 4, 0),
(67, 49, 29, 17, 1, 2, 3, 0),
(68, 8, 18, 8, 4, 5, 4, 0),
(68, 12, 14, 12, 2, 2, 2, 0),
(68, 15, 28, 15, 1, 3, 5, 0),
(68, 18, 64, 18, 2, 1, 1, 0),
(68, 24, 40, 4, 2, 3, 2, 0),
(68, 26, 21, 7, 3, 2, 1, 0),
(68, 39, 68, 14, 3, 2, 2, 0),
(68, 42, 66, 6, 2, 4, 3, 0),
(68, 45, 37, 11, 1, 3, 3, 0),
(68, 55, 48, 13, 5, 5, 3, 0),
(69, 5, 41, 5, 2, 3, 4, 0),
(69, 10, 37, 10, 5, 5, 3, 0),
(69, 14, 38, 14, 1, 5, 5, 0),
(69, 19, 44, 19, 2, 2, 4, 0),
(69, 24, 7, 4, 5, 1, 5, 0),
(69, 30, 16, 1, 2, 4, 1, 0),
(69, 36, 24, 18, 4, 3, 5, 0),
(69, 44, 35, 2, 2, 1, 2, 0),
(69, 51, 12, 7, 4, 3, 4, 0),
(69, 57, 55, 3, 1, 3, 2, 0),
(70, 2, 35, 2, 3, 1, 3, 0),
(70, 16, 5, 16, 2, 4, 2, 0),
(70, 17, 49, 17, 2, 4, 5, 0),
(70, 19, 15, 19, 1, 2, 3, 0),
(70, 21, 30, 1, 2, 1, 3, 0),
(70, 31, 20, 3, 2, 2, 1, 0),
(70, 34, 57, 9, 5, 4, 1, 0),
(70, 51, 36, 7, 3, 2, 5, 0),
(70, 59, 32, 11, 5, 1, 5, 0),
(70, 68, 7, 6, 3, 1, 4, 0),
(71, 1, 3, 1, 2, 2, 1, 0),
(71, 15, 4, 15, 1, 2, 4, 0),
(71, 16, 28, 16, 1, 2, 3, 0),
(71, 19, 59, 19, 5, 5, 5, 0),
(71, 20, 70, 2, 2, 1, 2, 0),
(71, 31, 25, 3, 1, 5, 4, 0),
(71, 37, 21, 5, 3, 2, 1, 0),
(71, 39, 43, 14, 5, 1, 4, 0),
(71, 52, 19, 13, 1, 2, 2, 0),
(71, 68, 61, 6, 3, 1, 5, 0),
(72, 15, 48, 15, 4, 4, 2, 0),
(72, 16, 5, 16, 2, 2, 4, 0),
(72, 18, 29, 18, 5, 2, 2, 0),
(72, 39, 23, 14, 2, 4, 3, 0),
(72, 41, 39, 17, 5, 5, 5, 0),
(72, 46, 18, 9, 2, 3, 4, 0),
(72, 52, 33, 13, 3, 2, 2, 0),
(72, 59, 32, 11, 4, 1, 1, 0),
(72, 65, 2, 8, 5, 5, 3, 0),
(72, 68, 41, 6, 2, 2, 3, 0),
(73, 10, 22, 10, 5, 1, 2, 0),
(73, 32, 51, 7, 2, 2, 4, 0),
(73, 33, 36, 8, 4, 4, 1, 0),
(73, 36, 5, 18, 4, 2, 3, 0),
(73, 37, 12, 5, 4, 4, 1, 0),
(73, 46, 42, 9, 1, 4, 4, 0),
(73, 47, 40, 3, 3, 2, 5, 0),
(73, 48, 20, 4, 4, 5, 3, 0),
(73, 56, 35, 2, 5, 3, 5, 0),
(73, 60, 59, 17, 4, 5, 2, 0),
(74, 9, 32, 9, 3, 4, 3, 0),
(74, 16, 48, 16, 2, 5, 2, 0),
(74, 18, 44, 18, 1, 4, 5, 0),
(74, 24, 65, 4, 5, 4, 3, 0),
(74, 27, 21, 8, 5, 5, 3, 0),
(74, 31, 40, 3, 3, 1, 5, 0),
(74, 32, 31, 7, 4, 3, 1, 0),
(74, 55, 23, 13, 5, 5, 3, 0),
(74, 66, 2, 5, 4, 4, 3, 0),
(74, 68, 12, 6, 1, 2, 1, 0),
(75, 5, 21, 5, 4, 1, 1, 0),
(75, 10, 62, 10, 1, 5, 5, 0),
(75, 12, 4, 12, 5, 5, 1, 0),
(75, 16, 38, 16, 3, 4, 2, 0),
(75, 19, 54, 19, 5, 5, 4, 0),
(75, 25, 8, 11, 3, 1, 3, 0),
(75, 30, 6, 1, 5, 5, 1, 0),
(75, 39, 23, 14, 2, 4, 5, 0),
(75, 48, 1, 4, 4, 5, 5, 0),
(75, 60, 34, 17, 5, 1, 4, 0),
(76, 7, 56, 7, 3, 3, 1, 0),
(76, 12, 42, 12, 1, 1, 2, 0),
(76, 14, 48, 14, 4, 1, 3, 0),
(76, 15, 14, 15, 3, 2, 2, 0),
(76, 16, 5, 16, 5, 2, 4, 0),
(76, 19, 64, 19, 4, 5, 4, 0),
(76, 27, 8, 8, 1, 5, 1, 0),
(76, 43, 17, 6, 2, 2, 3, 0),
(76, 53, 32, 11, 3, 5, 5, 0),
(76, 56, 60, 2, 5, 4, 1, 0),
(77, 2, 1, 2, 5, 2, 4, 0),
(77, 12, 67, 12, 1, 3, 5, 0),
(77, 15, 43, 15, 3, 5, 2, 0),
(77, 31, 30, 3, 3, 3, 2, 0),
(77, 34, 37, 9, 2, 2, 4, 0),
(77, 39, 48, 14, 1, 4, 2, 0),
(77, 41, 5, 17, 1, 1, 2, 0),
(77, 51, 7, 7, 1, 3, 4, 0),
(77, 64, 6, 1, 4, 5, 2, 0),
(77, 68, 31, 6, 4, 5, 1, 0),
(78, 11, 3, 11, 4, 3, 2, 0),
(78, 15, 38, 15, 4, 4, 2, 0),
(78, 16, 58, 16, 5, 3, 2, 0),
(78, 21, 16, 1, 4, 2, 3, 0),
(78, 22, 40, 2, 3, 5, 5, 0),
(78, 33, 36, 8, 5, 1, 3, 0),
(78, 49, 34, 17, 1, 1, 1, 0),
(78, 55, 4, 13, 5, 4, 3, 0),
(78, 57, 25, 3, 4, 4, 1, 0),
(78, 66, 7, 5, 3, 1, 3, 0),
(79, 10, 62, 10, 1, 5, 5, 0),
(79, 16, 58, 16, 2, 1, 1, 0),
(79, 21, 35, 1, 3, 4, 5, 0),
(79, 24, 20, 4, 5, 3, 1, 0),
(79, 27, 8, 8, 1, 2, 4, 0),
(79, 35, 34, 17, 2, 3, 5, 0),
(79, 39, 19, 14, 4, 4, 4, 0),
(79, 51, 31, 7, 1, 4, 1, 0),
(79, 55, 9, 13, 4, 5, 3, 0),
(79, 68, 56, 6, 5, 5, 3, 0),
(80, 7, 7, 7, 1, 4, 2, 0),
(80, 10, 18, 10, 1, 5, 2, 0),
(80, 12, 4, 12, 4, 3, 1, 0),
(80, 18, 69, 18, 3, 4, 1, 0),
(80, 19, 5, 19, 3, 5, 3, 0),
(80, 34, 13, 9, 2, 3, 5, 0),
(80, 43, 46, 6, 2, 5, 1, 0),
(80, 53, 62, 11, 2, 1, 2, 0),
(80, 55, 33, 13, 4, 2, 1, 0),
(80, 66, 21, 5, 3, 4, 4, 0),
(81, 11, 67, 11, 5, 1, 4, 0),
(81, 16, 68, 16, 4, 2, 4, 0),
(81, 19, 5, 19, 5, 5, 1, 0),
(81, 30, 50, 1, 1, 1, 5, 0),
(81, 34, 18, 9, 1, 2, 3, 0),
(81, 36, 49, 18, 4, 1, 1, 0),
(81, 37, 61, 5, 2, 1, 4, 0),
(81, 39, 23, 14, 2, 5, 1, 0),
(81, 41, 59, 17, 4, 5, 4, 0),
(81, 63, 55, 2, 3, 5, 5, 0),
(82, 1, 6, 1, 5, 3, 3, 0),
(82, 10, 62, 10, 3, 1, 2, 0),
(82, 15, 14, 15, 3, 3, 3, 0),
(82, 16, 33, 16, 1, 4, 5, 0),
(82, 19, 69, 19, 4, 2, 5, 0),
(82, 36, 10, 18, 3, 5, 1, 0),
(82, 47, 55, 3, 5, 5, 1, 0),
(82, 56, 70, 2, 5, 4, 3, 0),
(82, 61, 66, 6, 3, 5, 4, 0),
(82, 66, 51, 5, 1, 5, 4, 0),
(83, 10, 18, 10, 4, 1, 1, 0),
(83, 12, 9, 12, 5, 5, 1, 0),
(83, 15, 14, 15, 3, 5, 1, 0),
(83, 16, 43, 16, 5, 3, 5, 0),
(83, 33, 2, 8, 4, 1, 2, 0),
(83, 41, 64, 17, 3, 4, 5, 0),
(83, 46, 42, 9, 2, 1, 1, 0),
(83, 51, 66, 7, 1, 1, 4, 0),
(83, 55, 68, 13, 5, 4, 4, 0),
(83, 64, 3, 1, 2, 4, 1, 0),
(84, 8, 56, 8, 5, 4, 2, 0),
(84, 10, 22, 10, 1, 4, 2, 0),
(84, 11, 32, 11, 2, 4, 5, 0),
(84, 12, 52, 12, 4, 2, 1, 0),
(84, 15, 53, 15, 3, 2, 5, 0),
(84, 17, 34, 17, 4, 3, 1, 0),
(84, 19, 29, 19, 3, 3, 5, 0),
(84, 26, 2, 7, 5, 4, 3, 0),
(84, 39, 43, 14, 4, 2, 4, 0),
(84, 55, 33, 13, 5, 2, 5, 0),
(85, 9, 13, 9, 4, 4, 3, 0),
(85, 14, 14, 14, 2, 2, 3, 0),
(85, 16, 33, 16, 2, 3, 5, 0),
(85, 19, 5, 19, 1, 2, 2, 0),
(85, 35, 54, 17, 4, 5, 4, 0),
(85, 55, 53, 13, 2, 5, 4, 0),
(85, 58, 17, 6, 3, 1, 2, 0),
(85, 62, 20, 4, 4, 5, 5, 0),
(85, 63, 45, 2, 3, 1, 2, 0),
(85, 64, 1, 1, 2, 3, 4, 0),
(86, 10, 3, 10, 4, 2, 3, 0),
(86, 12, 14, 12, 2, 5, 1, 0),
(86, 14, 63, 14, 3, 3, 1, 0),
(86, 16, 68, 16, 2, 2, 2, 0),
(86, 19, 54, 19, 4, 3, 1, 0),
(86, 32, 36, 7, 5, 3, 3, 0),
(86, 50, 52, 11, 4, 5, 4, 0),
(86, 57, 60, 3, 1, 5, 2, 0),
(86, 58, 31, 6, 1, 2, 4, 0),
(86, 64, 35, 1, 3, 3, 3, 0),
(87, 8, 41, 8, 4, 1, 5, 0),
(87, 10, 57, 10, 2, 5, 5, 0),
(87, 23, 70, 3, 3, 3, 4, 0),
(87, 26, 36, 7, 2, 5, 1, 0),
(87, 28, 47, 9, 1, 4, 4, 0),
(87, 30, 6, 1, 1, 4, 2, 0),
(87, 37, 2, 5, 1, 4, 3, 0),
(87, 48, 35, 4, 3, 4, 5, 0),
(87, 55, 19, 13, 5, 3, 3, 0),
(87, 68, 12, 6, 5, 5, 5, 0),
(88, 12, 47, 12, 5, 3, 3, 0),
(88, 16, 68, 16, 3, 1, 3, 0),
(88, 20, 6, 2, 3, 4, 4, 0),
(88, 34, 37, 9, 1, 3, 4, 0),
(88, 36, 69, 18, 1, 4, 3, 0),
(88, 41, 59, 17, 4, 1, 1, 0),
(88, 51, 51, 7, 5, 1, 1, 0),
(88, 55, 19, 13, 2, 5, 5, 0),
(88, 57, 20, 3, 5, 5, 4, 0),
(88, 66, 12, 5, 5, 5, 1, 0),
(89, 10, 52, 10, 1, 5, 3, 0),
(89, 14, 58, 14, 4, 4, 4, 0),
(89, 16, 43, 16, 3, 4, 2, 0),
(89, 17, 39, 17, 1, 1, 2, 0),
(89, 18, 49, 18, 5, 1, 5, 0),
(89, 19, 15, 19, 3, 4, 5, 0),
(89, 20, 6, 2, 3, 1, 5, 0),
(89, 50, 13, 11, 1, 5, 2, 0),
(89, 52, 38, 13, 2, 2, 4, 0),
(89, 66, 51, 5, 4, 2, 3, 0),
(90, 6, 41, 6, 5, 3, 2, 0),
(90, 12, 19, 12, 4, 4, 2, 0),
(90, 15, 58, 15, 1, 1, 5, 0),
(90, 24, 40, 4, 1, 3, 4, 0),
(90, 30, 30, 1, 4, 4, 1, 0),
(90, 34, 62, 9, 3, 5, 1, 0),
(90, 36, 39, 18, 2, 3, 2, 0),
(90, 39, 14, 14, 4, 4, 3, 0),
(90, 41, 10, 17, 3, 2, 4, 0),
(90, 57, 11, 3, 5, 5, 3, 0),
(91, 1, 16, 1, 1, 2, 1, 0),
(91, 4, 60, 4, 2, 4, 4, 0),
(91, 10, 18, 10, 3, 1, 1, 0),
(91, 15, 14, 15, 2, 4, 1, 0),
(91, 32, 26, 7, 3, 5, 5, 0),
(91, 39, 48, 14, 4, 2, 3, 0),
(91, 42, 41, 6, 2, 3, 2, 0),
(91, 47, 11, 3, 1, 5, 3, 0),
(91, 53, 62, 11, 2, 1, 1, 0),
(91, 66, 12, 5, 4, 5, 3, 0),
(92, 1, 25, 1, 2, 5, 4, 0),
(92, 7, 7, 7, 3, 1, 2, 0),
(92, 12, 4, 12, 1, 4, 4, 0),
(92, 13, 68, 13, 5, 5, 1, 0),
(92, 15, 19, 15, 2, 4, 1, 0),
(92, 17, 39, 17, 3, 2, 1, 0),
(92, 19, 24, 19, 2, 4, 2, 0),
(92, 27, 13, 8, 3, 3, 4, 0),
(92, 56, 11, 2, 5, 1, 5, 0),
(92, 58, 26, 6, 4, 4, 2, 0),
(93, 8, 13, 8, 3, 3, 2, 0),
(93, 9, 3, 9, 2, 4, 2, 0),
(93, 10, 62, 10, 4, 2, 3, 0),
(93, 12, 19, 12, 3, 3, 2, 0),
(93, 16, 43, 16, 4, 2, 4, 0),
(93, 26, 26, 7, 2, 5, 3, 0),
(93, 37, 46, 5, 3, 2, 1, 0),
(93, 39, 63, 14, 5, 5, 5, 0),
(93, 41, 59, 17, 2, 1, 1, 0),
(93, 55, 14, 13, 5, 3, 2, 0),
(94, 12, 4, 12, 4, 5, 2, 0),
(94, 14, 63, 14, 1, 4, 4, 0),
(94, 16, 28, 16, 2, 3, 2, 0),
(94, 17, 69, 17, 4, 1, 4, 0),
(94, 18, 39, 18, 2, 2, 4, 0),
(94, 21, 55, 1, 5, 2, 3, 0),
(94, 23, 11, 3, 1, 5, 4, 0),
(94, 43, 21, 6, 4, 5, 4, 0),
(94, 53, 3, 11, 2, 4, 5, 0),
(94, 63, 65, 2, 1, 3, 4, 0),
(95, 3, 25, 3, 1, 5, 4, 0),
(95, 10, 42, 10, 3, 4, 1, 0),
(95, 11, 8, 11, 1, 3, 5, 0),
(95, 14, 19, 14, 4, 1, 1, 0),
(95, 15, 33, 15, 5, 4, 2, 0),
(95, 21, 1, 1, 1, 4, 2, 0),
(95, 22, 11, 2, 2, 1, 5, 0),
(95, 42, 46, 6, 4, 4, 5, 0),
(95, 62, 17, 4, 1, 2, 3, 0),
(95, 66, 41, 5, 3, 4, 1, 0),
(96, 12, 14, 12, 2, 3, 4, 0),
(96, 16, 5, 16, 5, 5, 4, 0),
(96, 17, 34, 17, 2, 4, 3, 0),
(96, 21, 55, 1, 3, 2, 5, 0),
(96, 27, 61, 8, 5, 3, 1, 0),
(96, 28, 57, 9, 2, 5, 1, 0),
(96, 36, 15, 18, 5, 1, 1, 0),
(96, 50, 37, 11, 4, 4, 1, 0),
(96, 51, 12, 7, 1, 4, 1, 0),
(96, 66, 26, 5, 4, 1, 3, 0),
(97, 7, 31, 7, 5, 1, 2, 0),
(97, 8, 2, 8, 5, 4, 1, 0),
(97, 10, 27, 10, 1, 1, 5, 0),
(97, 15, 58, 15, 1, 2, 4, 0),
(97, 17, 39, 17, 5, 3, 1, 0),
(97, 19, 64, 19, 5, 5, 3, 0),
(97, 28, 52, 9, 3, 3, 5, 0),
(97, 31, 50, 3, 4, 3, 5, 0),
(97, 55, 9, 13, 4, 3, 4, 0),
(97, 68, 7, 6, 4, 1, 3, 0),
(98, 1, 11, 1, 2, 3, 4, 0),
(98, 10, 37, 10, 3, 3, 1, 0),
(98, 13, 19, 13, 3, 3, 5, 0),
(98, 15, 14, 15, 1, 1, 3, 0),
(98, 35, 5, 17, 3, 2, 2, 0),
(98, 46, 52, 9, 3, 3, 4, 0),
(98, 48, 12, 4, 4, 1, 4, 0),
(98, 51, 41, 7, 2, 3, 4, 0),
(98, 61, 66, 6, 1, 1, 3, 0),
(98, 66, 7, 5, 1, 5, 4, 0),
(99, 8, 13, 8, 3, 5, 4, 0),
(99, 11, 37, 11, 4, 4, 4, 0),
(99, 16, 58, 16, 5, 2, 3, 0),
(99, 23, 70, 3, 5, 1, 4, 0),
(99, 29, 16, 2, 3, 1, 4, 0),
(99, 36, 49, 18, 2, 2, 5, 0),
(99, 39, 38, 14, 4, 4, 2, 0),
(99, 48, 20, 4, 5, 1, 2, 0),
(99, 66, 26, 5, 4, 2, 1, 0),
(99, 68, 41, 6, 1, 5, 4, 0),
(100, 7, 61, 7, 2, 2, 1, 0),
(100, 12, 32, 12, 1, 1, 5, 0),
(100, 14, 28, 14, 3, 2, 3, 0),
(100, 15, 48, 15, 3, 2, 1, 0),
(100, 16, 5, 16, 4, 5, 5, 0),
(100, 19, 44, 19, 1, 3, 4, 0),
(100, 23, 60, 3, 2, 4, 2, 0),
(100, 34, 67, 9, 5, 2, 4, 0),
(100, 35, 10, 17, 4, 3, 1, 0),
(100, 52, 63, 13, 3, 2, 2, 0);

INSERT INTO `judge` (`episode_id`, `cook_id`, `position`) VALUES
(1, 2, '2'),
(1, 48, '1'),
(1, 70, '3'),
(2, 26, '2'),
(2, 65, '1'),
(2, 67, '3'),
(3, 15, '3'),
(3, 31, '2'),
(3, 58, '1'),
(4, 15, '3'),
(4, 17, '1'),
(4, 29, '2'),
(5, 20, '2'),
(5, 43, '1'),
(5, 55, '3'),
(6, 46, '3'),
(6, 62, '1'),
(6, 70, '2'),
(7, 36, '2'),
(7, 48, '1'),
(7, 69, '3'),
(8, 44, '2'),
(8, 52, '3'),
(8, 68, '1'),
(9, 3, '2'),
(9, 10, '1'),
(9, 38, '3'),
(10, 30, '2'),
(10, 31, '3'),
(10, 56, '1'),
(11, 7, '3'),
(11, 25, '1'),
(11, 62, '2'),
(12, 53, '2'),
(12, 62, '3'),
(12, 67, '1'),
(13, 3, '2'),
(13, 44, '3'),
(13, 49, '1'),
(14, 7, '3'),
(14, 8, '1'),
(14, 36, '2'),
(15, 3, '2'),
(15, 31, '3'),
(15, 66, '1'),
(16, 3, '1'),
(16, 31, '2'),
(16, 47, '3'),
(17, 6, '3'),
(17, 48, '1'),
(17, 54, '2'),
(18, 3, '1'),
(18, 37, '3'),
(18, 69, '2'),
(19, 28, '2'),
(19, 33, '1'),
(19, 55, '3'),
(20, 26, '2'),
(20, 52, '3'),
(20, 57, '1'),
(21, 4, '2'),
(21, 18, '1'),
(21, 53, '3'),
(22, 20, '2'),
(22, 44, '1'),
(22, 46, '3'),
(23, 23, '2'),
(23, 25, '1'),
(23, 39, '3'),
(24, 4, '3'),
(24, 24, '1'),
(24, 48, '2'),
(25, 16, '1'),
(25, 22, '3'),
(25, 68, '2'),
(26, 45, '3'),
(26, 56, '1'),
(26, 59, '2'),
(27, 27, '2'),
(27, 39, '3'),
(27, 41, '1'),
(28, 51, '1'),
(28, 54, '3'),
(28, 67, '2'),
(29, 9, '1'),
(29, 18, '2'),
(29, 29, '3'),
(30, 33, '1'),
(30, 39, '3'),
(30, 53, '2'),
(31, 12, '1'),
(31, 21, '2'),
(31, 39, '3'),
(32, 6, '3'),
(32, 18, '2'),
(32, 58, '1'),
(33, 4, '2'),
(33, 33, '3'),
(33, 57, '1'),
(34, 10, '2'),
(34, 21, '3'),
(34, 48, '1'),
(35, 14, '3'),
(35, 42, '1'),
(35, 58, '2'),
(36, 35, '2'),
(36, 37, '3'),
(36, 49, '1'),
(37, 3, '2'),
(37, 33, '3'),
(37, 65, '1'),
(38, 26, '2'),
(38, 45, '3'),
(38, 49, '1'),
(39, 5, '3'),
(39, 25, '1'),
(39, 29, '2'),
(40, 42, '2'),
(40, 53, '3'),
(40, 65, '1'),
(41, 2, '1'),
(41, 36, '3'),
(41, 60, '2'),
(42, 19, '3'),
(42, 32, '2'),
(42, 56, '1'),
(43, 46, '3'),
(43, 54, '2'),
(43, 56, '1'),
(44, 5, '3'),
(44, 44, '2'),
(44, 48, '1'),
(45, 23, '3'),
(45, 45, '2'),
(45, 50, '1'),
(46, 17, '1'),
(46, 39, '3'),
(46, 46, '2'),
(47, 23, '3'),
(47, 53, '2'),
(47, 66, '1'),
(48, 14, '3'),
(48, 57, '1'),
(48, 67, '2'),
(49, 4, '1'),
(49, 31, '3'),
(49, 37, '2'),
(50, 10, '2'),
(50, 24, '1'),
(50, 30, '3'),
(51, 6, '3'),
(51, 13, '2'),
(51, 24, '1'),
(52, 1, '2'),
(52, 9, '1'),
(52, 33, '3'),
(53, 9, '3'),
(53, 17, '2'),
(53, 40, '1'),
(54, 21, '3'),
(54, 27, '2'),
(54, 50, '1'),
(55, 19, '2'),
(55, 44, '3'),
(55, 56, '1'),
(56, 43, '2'),
(56, 53, '3'),
(56, 66, '1'),
(57, 30, '3'),
(57, 50, '1'),
(57, 52, '2'),
(58, 6, '3'),
(58, 37, '2'),
(58, 68, '1'),
(59, 5, '3'),
(59, 20, '2'),
(59, 49, '1'),
(60, 32, '1'),
(60, 42, '2'),
(60, 61, '3'),
(61, 1, '1'),
(61, 23, '3'),
(61, 46, '2'),
(62, 3, '3'),
(62, 10, '2'),
(62, 19, '1'),
(63, 1, '1'),
(63, 39, '3'),
(63, 42, '2'),
(64, 4, '3'),
(64, 40, '1'),
(64, 52, '2'),
(65, 6, '3'),
(65, 24, '1'),
(65, 46, '2'),
(66, 19, '1'),
(66, 53, '2'),
(66, 62, '3'),
(67, 3, '1'),
(67, 21, '2'),
(67, 39, '3'),
(68, 7, '3'),
(68, 34, '1'),
(68, 55, '2'),
(69, 4, '2'),
(69, 46, '3'),
(69, 50, '1'),
(70, 41, '2'),
(70, 56, '1'),
(70, 68, '3'),
(71, 1, '2'),
(71, 11, '3'),
(71, 40, '1'),
(72, 1, '2'),
(72, 20, '3'),
(72, 40, '1'),
(73, 6, '3'),
(73, 16, '1'),
(73, 25, '2'),
(74, 20, '2'),
(74, 25, '1'),
(74, 30, '3'),
(75, 16, '1'),
(75, 35, '3'),
(75, 40, '2'),
(76, 1, '1'),
(76, 6, '3'),
(76, 35, '2'),
(77, 3, '2'),
(77, 20, '3'),
(77, 40, '1'),
(78, 1, '1'),
(78, 11, '2'),
(78, 20, '3'),
(79, 3, '2'),
(79, 11, '1'),
(79, 30, '3'),
(80, 20, '2'),
(80, 25, '1'),
(80, 30, '3'),
(81, 19, '1'),
(81, 37, '3'),
(81, 52, '2'),
(82, 11, '2'),
(82, 26, '1'),
(82, 68, '3'),
(83, 29, '2'),
(83, 35, '1'),
(83, 38, '3'),
(84, 9, '1'),
(84, 50, '2'),
(84, 57, '3'),
(85, 10, '2'),
(85, 16, '1'),
(85, 21, '3'),
(86, 29, '2'),
(86, 56, '1'),
(86, 69, '3'),
(87, 32, '1'),
(87, 53, '3'),
(87, 59, '2'),
(88, 17, '1'),
(88, 43, '3'),
(88, 66, '2'),
(89, 34, '1'),
(89, 37, '3'),
(89, 45, '2'),
(90, 20, '2'),
(90, 29, '3'),
(90, 65, '1'),
(91, 34, '1'),
(91, 38, '3'),
(91, 58, '2'),
(92, 40, '1'),
(92, 44, '2'),
(92, 46, '3'),
(93, 9, '3'),
(93, 41, '1'),
(93, 58, '2'),
(94, 15, '3'),
(94, 25, '1'),
(94, 29, '2'),
(95, 20, '2'),
(95, 67, '1'),
(95, 69, '3'),
(96, 1, '1'),
(96, 43, '2'),
(96, 63, '3'),
(97, 22, '2'),
(97, 23, '3'),
(97, 54, '1'),
(98, 30, '3'),
(98, 42, '2'),
(98, 48, '1'),
(99, 2, '2'),
(99, 19, '3'),
(99, 24, '1'),
(100, 1, '1'),
(100, 46, '3'),
(100, 68, '2');

